source,target,value,count,step
bc1qwqdg6squsna38e46795at95yu9atm8azzmyvckulcc7kytlcckxswvvzej,1FxoKcfH6kjup1hMuKRnNBNw4jPtEws5bM,1500000000,1,0
bc1qwqdg6squsna38e46795at95yu9atm8azzmyvckulcc7kytlcckxswvvzej,149ySYp8UyBaU5NaNu94fZuY8W5pckczAZ,348330000,1,0
bc1qwqdg6squsna38e46795at95yu9atm8azzmyvckulcc7kytlcckxswvvzej,33GrwB9Sm7aBD8vTKwT9TgaD3n8ANf16ng,186386400,1,0
bc1qwqdg6squsna38e46795at95yu9atm8azzmyvckulcc7kytlcckxswvvzej,other0,335757074,68,0
other0,1NDyJtNTjmwk5xPNhjgAMu4HDHigtobu1s,5146231188,2,1
other0,382UZb2VHfh1yZhH2UFkHPoj1Wv9fz4CJm,933492,1,1
other0,37tmuZZgBZFNj3bege1fawknvc7SLZmfme,844896,1,1
other0,3JjPf13Rd8g6WAyvg8yiPnrsdjJt1NP4FC,2234457856,1,1
other0,1NDyJtNTjmwk5xPNhjgAMu4HDHigtobu1s,193477410,1,1
other0,3HiAQfxXvXgtH3JthF8uwxkuofKM7apLpw,936831,1,1
other0,1GaGyq5QKk67UwyCbjKXRucgLDNCk1XZK3,33741712,1,1
other0,14zBKD2kL9CpwyJ9xP6ZEYLtZD1czsqejK,580,1,1
other0,bc1qfmlxeemyk8a9stz5z4plpqgj4255hcx9jsqvyj,215036703,8,1
other0,31rfNmts4ucjRy9CXH343rCY8J3WSfDQ73,168741998,6,1
other0,bc1qhmk9zyvkh73snw7kmc95qj5pj7wnfltunjqcz3,31398853,2,1
other0,other1,10791321,2,1
other0,1ykDG5vCEoBXyqK3sd22iixZSNjPNQi2L,1974974,1,1
other0,38YpZybc5suY1Up6amr2SbVbG9xrNchUdN,349466982,6,1
other0,12YF9FRnMshzEKQxwaHSdDE1zRh3rb9SLz,32574961,1,1
other0,1GL5VFrRH5fJnU6HgdkwdBsBuczGMzDXBS,14257130,1,1
other0,other1,111087490,34,1
other0,1PHHramm7aqZMSyCkPCtNBHxvYprWZRZn1,269418713,15,1
other0,3PyrmojQQRXRFhzpW833H5fjCyFHYxZGry,9249400,1,1
other0,1Pryfw3u5g214begBb7Y4MR4AfLrs6jYc,5960000,1,1
other0,other1,12440040,9,1
other0,3E2adcep2NRRpriLnWn1AvW3AHKqBx2mMr,2099950000,1,1
other0,33FACi9w7wvruuWKjXNbYw7pRnvPzc121b,150000000,1,1
other0,3PTjztppdGZv7JqWjrLwekhxpomMpxiFH3,93944400,13,1
other0,other1,69557422,33,1
other0,18EGLZaTMzt8yuX94BDx5jBSPTcM88xfdN,2238535,1,1
other0,1GRFJZ5eZZxq3FDDskY2KvuspJtHyHSxRd,2231569,1,1
other0,18b8qTU1QjhmKM6ri9up4Yzw1uqoVio3x4,1013673,1,1
other0,other1,3812351,7,1
other0,31rfNmts4ucjRy9CXH343rCY8J3WSfDQ73,292167602,3,1
other0,bc1qfmlxeemyk8a9stz5z4plpqgj4255hcx9jsqvyj,68303757,4,1
other0,1JhD5nYacEiY96Uev7eJJB9uUoToWH3QHE,57900000,1,1
other0,other1,86002657,6,1
other0,1HEYux8tcsFXm9pF718PWURWRJgs7mLtXK,66560000,4,1
other0,3Mk3BDEuyZhNTyNCLvsP573mW1V5o2UpE4,9639000,1,1
other0,3HqL66H3Z6SJZjSynKuPrWZ56ombkNshXg,2246564,1,1
other0,other1,3558454,2,1
other0,37XwkFH9RWAihPFfKkUanVLpNSuDr7YUuL,1843788,1,1
other0,3NjSNMBaKRtabntN7vrpFkRemPchnxezFu,1458998,1,1
other0,1dJ1sXEtHdV2jyXf4FnVP3R3xjbieajhx,240000,1,1
other0,1NDyJtNTjmwk5xPNhjgAMu4HDHigtobu1s,1099861129,1,1
other0,1FostQ6UAp4uz4VqpbSyp84sqPfoZ2yeZQ,4350000,1,1
other0,1NDyJtNTjmwk5xPNhjgAMu4HDHigtobu1s,6815974990,6,1
other0,12k9LXcH5CWAJ2KYW7pM1cvctdMNgfTxAa,17000000,1,1
other0,1KQV2K26YyoZXzA16HqARLyXW9zMphndDf,5368739,1,1
other0,other1,2279150,6,1
other0,3FWDaoQnNY2UckG4NwYyLGV13cLnxiY1zf,3000000,1,1
other0,18aKuePy2PzfYeqjQ3yBcSMrSKwfBtDAzK,958983,1,1
other0,3Bmk4VG6x5XVa1Mz5HoSaRw5H5xLUxxsAa,7763108943,4,1
other0,32ihzmrVTiJomwSXuGW66dMb6iEaV55qQT,4054337914,2,1
other0,3F9kXQwbURrf9b48UVhv8uirpZpfpTd8fL,4037331364,2,1
other0,other1,31778450466,35,1
other0,36nMQpmvEDurQfKdjzg3WDyVNtjFhvVZUN,13824233,1,1
other0,19URJZ1F6YdQt7CmBSbb9imeYnggTfciZ6,9960000,1,1
other0,1N87XqnMYGmQVJ4uPk1LBarSywfvtwGLkJ,2000000,1,1
other0,other1,10298141,9,1
other0,1NDyJtNTjmwk5xPNhjgAMu4HDHigtobu1s,2087374836,2,1
other0,1D39KuXr9w2gRxfqesDqb7eGCkedKeEqEM,1600000,1,1
other0,37oDnMDQRgbieK7MCYaVyLFvm2tEq82NJ1,1016448,1,1
other0,other1,1704996,3,1
1FxoKcfH6kjup1hMuKRnNBNw4jPtEws5bM,1Kt1fU43GLD1Lyoh8VfZ9UBTGb5T9nQ8U,119000000000,21,1
1FxoKcfH6kjup1hMuKRnNBNw4jPtEws5bM,396bwtUqTfFTCuYogQa1A7hbYfRj61HpBA,75421749,1,1
1FxoKcfH6kjup1hMuKRnNBNw4jPtEws5bM,15dtNQYbKw6AUoreo3PgGbQ651vvzzacJK,4015138,1,1
1FxoKcfH6kjup1hMuKRnNBNw4jPtEws5bM,other1,1414751,1,1
other0,32kwPPBjP7fefwA2r5uqN6Rus4sGjcga2p,3909709693,2,1
other0,3CjKTjTb7Fqgz3VikEjVXiQkgLGGgnJjfY,2007790973,1,1
other0,3Jp2shq65mV2xFL7P5jU1JUF2vp32jjZFf,1997018121,1,1
other0,1NDyJtNTjmwk5xPNhjgAMu4HDHigtobu1s,1100710968,2,1
other0,3JMjHDTJjKPnrvS7DycPAgYcA6HrHRk8UG,367000000,12,1
other0,3KhSNRxr5P9WC9TXYua1L2q7F5msvME1bX,193416052,1,1
other0,391PeuMPRpDDLa9V4c5Dkfjh5SnqXdWiEc,4340400,1,1
other0,other1,24648216,32,1
other0,12ALaeUSaRiyfuSqopRYAtyjfRgFQDSuuU,96362471,1,1
other0,3BMnmKwFPEGti15DHxpHdz1tfBgCLtzqLN,182394398,1,1
other0,1HFGiMJwrofzsXtR9sMzNRAyC6hYMCqSt,10677768112,1,1
other0,1ExKx5cf2a6HzA5Cg6bQdKvZfjJGtqv9XY,9433896769,1,1
other0,1Q5WczGjPUdmiGQJCBL1M6jTzsRGWnAp6x,9243390963,1,1
other0,other1,92536551727,32,1
other0,1Gercs6ceUPXsKzpJDjcdVb62rVminMnFo,800000000,1,1
other0,1M9bgxpDBhVqcMg9Nu6HjEw4LxG47smsui,324678600,1,1
other0,1NRKaTrA4T87xviK9qdmx5giFRtiF7AXdB,100000000,1,1
other0,other1,244543160,44,1
other0,1HYHtimhmf7rP2HpGLKm6h9yrkRpafQMmu,199859663,1,1
other0,1MAnqdLcojFjckLGahRsrqx5naPKph1EM4,92184419,1,1
other0,1FoC692njcyrKXeM5Po8a6rgzCXT6Ragcp,38763393,1,1
other0,other1,10082251,2,1
other0,1DwpbWG1Bs7ps1D8WyWyG4tgeir4ACTv3H,8149707,1,1
other0,bc1qx65xcxz6dfsge2g4eaerercslh83y66wrpm79r,380109729,6,1
other0,1ABb9TRH8kriLmH64thbigrcBGkFKKWpeQ,4644000,1,1
other0,1PRb1uNPyLfYHN8P8SGRPiuWTE4eSLBiXE,1829275,1,1
other0,other1,4122499,4,1
other0,15Fs9fPpqVAhcb8VmhCE3MZMhLKKyRoreY,2233488,1,1
other0,154rZ9Dcwfk5RvX3eR56ysKDV5tcGUNAgJ,209999322,1,1
other0,1KxnMndHSFNA6UMsHZcryVFuu5VbtvkhxM,99987344,1,1
other0,1GA2jDLqFA3k3DUN6nrmQ6QXwfEXMrWxVq,98978982,1,1
other0,other1,214448244,33,1
other0,3BMnmKwFPEGti15DHxpHdz1tfBgCLtzqLN,182394398,1,1
other0,3Jh8cmjBoEumVhQGVQtT5hcPgPpCDio54b,297429879,1,1
other0,1DognYdT6aaHWtBdzLMQnv4T6pnwWyFg65,214713900,1,1
other0,1EaYRTcN5DZieZU1D3zLjpBDkHP7PaCKQU,133706900,1,1
other0,other1,266323516,20,1
other0,1NDyJtNTjmwk5xPNhjgAMu4HDHigtobu1s,60148184518,13,1
other0,39AD68z9muiFUiZdq3VmnaomQW1kSeUt2n,99951600,1,1
other0,1FDmcqGrpADRfzTzdWpsaQZDYqHP4vvayU,49900000,1,1
other0,other1,25692801,14,1
other0,13p1mRA7a31d72wvT3d7QkEzFbTRQ2cmt4,3524556,1,1
other0,1DBTYSsMHQ55n6NBar7xSMRo6NxuMs2MG6,8690185,1,1
other0,3GiUgJPhxZBeNNa92dBQcZrLahciREEq9H,16429600,1,1
other0,bc1qfmlxeemyk8a9stz5z4plpqgj4255hcx9jsqvyj,3624056,1,1
other0,1NDyJtNTjmwk5xPNhjgAMu4HDHigtobu1s,473586543,1,1
149ySYp8UyBaU5NaNu94fZuY8W5pckczAZ,3PdKaWwshFBWg6vAauToecqEAFtsuzyxGV,137179366078,25,1
149ySYp8UyBaU5NaNu94fZuY8W5pckczAZ,1Lets1xxxx1use1xxxxxxxxxxxy2EaMkJ,547,1,1
other0,34C6zsZn9YpJvN3MfS6bB79xDt3Cq9nAn9,2141043418,1,1
other0,3LW1sakL8ihE2nApkncTUYpLBi3cm8uxaS,1500000000,1,1
other0,3E8BTrBB7jxAemyUqSnN4YFLMC22cShZJZ,1500000000,1,1
other0,other1,455852377,8,1
37tmuZZgBZFNj3bege1fawknvc7SLZmfme,3MfMXB19tka5zJFWk9zdx7F79TQ6HWFRqe,1043753,1,1
1NDyJtNTjmwk5xPNhjgAMu4HDHigtobu1s,3E2adcep2NRRpriLnWn1AvW3AHKqBx2mMr,2139950000,1,1
1NDyJtNTjmwk5xPNhjgAMu4HDHigtobu1s,1BvXQCpUC4NADf9oWvnQqedzx7TnY21dot,494108079,1,1
1NDyJtNTjmwk5xPNhjgAMu4HDHigtobu1s,bc1qc693krdlq7rdd9exa92hwca3p8qgu7g7dv9ht6,201746301,1,1
1NDyJtNTjmwk5xPNhjgAMu4HDHigtobu1s,other1,288918859,51,1
382UZb2VHfh1yZhH2UFkHPoj1Wv9fz4CJm,3KPXAbLbu5WdtREPcYnTqNsQczD1MCJboo,4869,1,1
1NDyJtNTjmwk5xPNhjgAMu4HDHigtobu1s,3E2adcep2NRRpriLnWn1AvW3AHKqBx2mMr,2139950000,1,1
1NDyJtNTjmwk5xPNhjgAMu4HDHigtobu1s,1BvXQCpUC4NADf9oWvnQqedzx7TnY21dot,494108079,1,1
1NDyJtNTjmwk5xPNhjgAMu4HDHigtobu1s,bc1qc693krdlq7rdd9exa92hwca3p8qgu7g7dv9ht6,201746301,1,1
1NDyJtNTjmwk5xPNhjgAMu4HDHigtobu1s,other1,288918859,51,1
3JjPf13Rd8g6WAyvg8yiPnrsdjJt1NP4FC,13oX1mA6zggC5Y5LPVf9YDeykNa4sar7wZ,4500000000,3,1
3JjPf13Rd8g6WAyvg8yiPnrsdjJt1NP4FC,35kVfHwEejHig8qbP8KVpVweebSSh2oEmU,4499910000,1,1
3JjPf13Rd8g6WAyvg8yiPnrsdjJt1NP4FC,3CNsNT99LCFyxDHXD5mjM9rR7RHVFJKchE,3605054130,1,1
3JjPf13Rd8g6WAyvg8yiPnrsdjJt1NP4FC,other1,2226567377,33,1
14zBKD2kL9CpwyJ9xP6ZEYLtZD1czsqejK,138wcGbJZJAWwi1ax1Gwx7yMwtEa9ZS7yh,3917421,1,1
31rfNmts4ucjRy9CXH343rCY8J3WSfDQ73,1Ho9wMVEH3UD4mR2gEwLk3sZZozKqiWHfx,601609340,1,1
31rfNmts4ucjRy9CXH343rCY8J3WSfDQ73,1HK2x8DrEzeqSe5AxHYTofAXYpCg9aEDqM,378361355,1,1
31rfNmts4ucjRy9CXH343rCY8J3WSfDQ73,1HVKaeTWetnqcy9XKLrc548pxNsoFgrHct,61042585,1,1
31rfNmts4ucjRy9CXH343rCY8J3WSfDQ73,other1,152515608,27,1
bc1qfmlxeemyk8a9stz5z4plpqgj4255hcx9jsqvyj,1HY7eosW4bEhaupvrLRHqgJzPyhabAE7aL,748424643,1,1
bc1qfmlxeemyk8a9stz5z4plpqgj4255hcx9jsqvyj,1Mm8Qnw8sb5wHnjyk6qfpobfPNMaKQ4HzS,121542686,1,1
bc1qfmlxeemyk8a9stz5z4plpqgj4255hcx9jsqvyj,15EJdemykttAYLGkMKNTQvMucR2NDQaL1x,117995289,1,1
bc1qfmlxeemyk8a9stz5z4plpqgj4255hcx9jsqvyj,other1,117601345,9,1
other0,12hB9xsunJpg9dmFWf2hCKRpRFCCYPzw4w,9855605,1,1
bc1qhmk9zyvkh73snw7kmc95qj5pj7wnfltunjqcz3,3JvypLxrZ1uiDwWr5okESdCjRV27oEKF1u,100000000,1,1
bc1qhmk9zyvkh73snw7kmc95qj5pj7wnfltunjqcz3,16JQeuWPd9zbxyUoQYfxbkJMxyN6BrxX2R,81364120,1,1
bc1qhmk9zyvkh73snw7kmc95qj5pj7wnfltunjqcz3,1YdphzY4Nkm4MaBy1WUqbsrUCKXatvbQf,20844464,1,1
bc1qhmk9zyvkh73snw7kmc95qj5pj7wnfltunjqcz3,other1,84152915,15,1
other0,3NcZ4FnHb2vLFdAJma3cA86PNmMA1F3fnK,9033000000,6,1
other0,1DWxttRbd3YLxNYxTcRWKH6zu9kYtFfwcV,34000000,1,1
other0,14ZbdqyyGmjuHWFZGFS8nFKFj2n45QGhPs,6700000,1,1
other0,other1,14250304,5,1
other0,18EGLZaTMzt8yuX94BDx5jBSPTcM88xfdN,2238535,1,1
other0,1GRFJZ5eZZxq3FDDskY2KvuspJtHyHSxRd,2231569,1,1
other0,18b8qTU1QjhmKM6ri9up4Yzw1uqoVio3x4,1013673,1,1
other0,other1,3812351,7,1
other0,12k9LXcH5CWAJ2KYW7pM1cvctdMNgfTxAa,17000000,1,1
other0,1KQV2K26YyoZXzA16HqARLyXW9zMphndDf,5368739,1,1
other0,other1,2279150,6,1
other0,3FWDaoQnNY2UckG4NwYyLGV13cLnxiY1zf,3000000,1,1
other0,18aKuePy2PzfYeqjQ3yBcSMrSKwfBtDAzK,958983,1,1
other0,1Ht2qGmkHmr2PA5BHXjraZzj91FQEwz8oV,137085827,1,1
other0,1GMry7fywgNh3LyD6W1cheHqpxsCfKb3df,123980000,1,1
other0,bc1q0cvjt5fnkma8xqasasvnee3yk7pz9n8wlh7dxd,122200000,1,1
other0,other1,230342162,14,1
38YpZybc5suY1Up6amr2SbVbG9xrNchUdN,115A3ktuBLAw7GpdDJLp2Pg9J32Cz2xonB,1938506165,16,1
other0,33BtwyMrG8QFAqZKzp4QkQQZvSnRDhmQKX,8430850,1,1
other0,1G81gye4UX2VKGFGzup4qa8CzoRx2qTsRY,6133970,1,1
other0,other1,8088301,9,1
other0,3MDzAV5dzwS1SE8JnvAvrM89s5FAxDmzmp,55878888,1,1
other0,bc1qyy30guv6m5ez7ntj0ayr08u23w3k5s8vg3elmxdzlh8a3xskupyqn2lp5w,1846297278,1,1
other0,19GQTpmzC3BGVWshXCsqwUnCG8N5PBeffF,900000,1,1
other0,38rXtdbrt92JWb3Q7rWiajnwqpBsx6GUJS,834600,1,1
other0,35Jz3fyJAjmBU8EZpVrLYgcvGZH7VsDvnA,100000,1,1
other0,other1,547,1,1
other0,33R8xUCWEres2LdoGK3wJHJcYmzoGx1QZN,750000,1,1
other0,1Dv3ACnvmzMJuLWf1w6eXxCTTTDWAwGowV,90000000,1,1
other0,3CmVwTMAWARR1x52eC34gmEC8gREEpm2qf,23843000,1,1
other0,other1,29663682,23,1
12YF9FRnMshzEKQxwaHSdDE1zRh3rb9SLz,1EGuNh3nBiFz4JQdob4brN292K3kzCbXvn,14722782204,1,1
12YF9FRnMshzEKQxwaHSdDE1zRh3rb9SLz,19goNCqBpLnVHjhuocNz6iE63pdVPvKiRL,14609398052,1,1
12YF9FRnMshzEKQxwaHSdDE1zRh3rb9SLz,1QEXSCRK2PqvKMSc9vLT7Rv31YmbU5VYbV,10622565278,1,1
12YF9FRnMshzEKQxwaHSdDE1zRh3rb9SLz,other1,28568787248,18,1
other0,1EzaQ4viGZ7iZFQHPiFVfqiQpWJKUpWQmm,51443959,1,1
other0,bc1qdut8u3d7srwa03w0ysapfwp8h30xepvlsgdkdy,40000000,1,1
other0,39kFV3SGnErnaGrYcaoFkVE2RzkF4x8h4a,30000000,1,1
other0,bc1qzjeg3h996kw24zrg69nge97fw8jc4v7v7yznftzk06j3429t52vse9tkp9,13434000,1,1
other0,3LCGsSmfr24demGvriN4e3ft8wEcDuHFqh,3927088404,1,1
other0,1L6qkv56VSG7cDBSD8cd4hfsxTLkXU9SMB,226184878,1,1
other0,3MCvKGYUyBmpDjoKNfZHuNzmBStSKU7XTp,212959371,1,1
other0,other1,105201752,20,1
other0,1HDWAto9mD4vwZkxE7RZ4nxvgYcA5vJQpG,17749301,6,1
other0,39M1gG2M2QQy6NcjQ5C5Z93ywDYdgcGVen,1307975,1,1
other0,13f2dZWaAVhXds7oXNaAeoeFQFp9E9RnbS,84083,1,1
other0,3C4hAZoP8GuFkmayfXAAXTAkUY8vdEs5fX,1054172,1,1
other0,33R8xUCWEres2LdoGK3wJHJcYmzoGx1QZN,750000,1,1
other0,other1,10000,1,1
other0,1Jt6j8tcTvRuqvfWvatSw59wRzEUYtng2Y,190000,1,1
other0,bc1qyy30guv6m5ez7ntj0ayr08u23w3k5s8vg3elmxdzlh8a3xskupyqn2lp5w,1459049030,1,1
other0,bc1qyy30guv6m5ez7ntj0ayr08u23w3k5s8vg3elmxdzlh8a3xskupyqn2lp5w,1459049030,1,1
other0,3PtymUgnP6RVP5RKoHdFdXmqAA9FQmAuT8,14475200,1,1
other0,17bQyRnyojmJMiiTmbrdGsMtKEvbRnL2xZ,3350000,1,1
other0,1PRb1uNPyLfYHN8P8SGRPiuWTE4eSLBiXE,1829275,1,1
other0,other1,963689,3,1
other0,3HLs8RgCQ4UqXvACuoG4UHsZq6NpMPCsj9,1776427051,1,1
other0,3H44PR8AynET8VakXtRUYU4hekNNqpFQvu,20187025,1,1
other0,1AKNWEXJ6Wdx8Zki89nD5ywEKZ2cgyCzdH,160000,1,1
other0,1LXvm7NVKfpJCSwLqG3UrBLZWWTa1K72X5,108938200,1,1
other0,16RuELhaBA8avioyWUnunuorUaDHetzydY,22400000,1,1
other0,15wshcUPv2jrZM6z5n6yH2Btt4CTYrjQjV,18081850,1,1
other0,35gWHMa2P766Y3UDbzEsjaUGneWxxhfE5u,9530000,1,1
other0,39Uh4q6ukcWHoWHDhbdgeV8KVyc58Z3wXq,700000,1,1
other0,other1,3460056,12,1
other0,1GneCaHVQsnDg6kukyVWiRkode6a1KoWvV,2913563,1,1
other0,3AdZnpcsnTXqqAR1aHtGnPB1QFPLzVVBnA,1938395,1,1
other0,other1,2188875,2,1
other0,3Jta8krKg69JL9ZDhqzEpVVVApubJPDQMn,6917613,1,1
other0,3PqV69nnDG1CYdb45fYNoXHnvLaxnQMp3E,5232942,1,1
other0,3FLA7zsx1oFN3NxZkCEt4Bj3U4dyeAJdNs,5090705,1,1
other0,other1,1536996,1,1
other0,bc1q702ehhuw3m7sz9ukhpsqp49sqxhmvc2n4w2fsq,26441130,1,1
1PHHramm7aqZMSyCkPCtNBHxvYprWZRZn1,1D22VBgJ7DqDWZjh2tNLXSDs2U3zZsHvq7,12860195511,1,1
1PHHramm7aqZMSyCkPCtNBHxvYprWZRZn1,1NDQAiL7ymjF6TSzWTxAFDS2ydxCbTvfJf,11264351976,1,1
1PHHramm7aqZMSyCkPCtNBHxvYprWZRZn1,1KJiwvg7Gg1EUXA6Bz89DTCEuRNekqUmqn,11182678268,1,1
1PHHramm7aqZMSyCkPCtNBHxvYprWZRZn1,other1,137972161621,18,1
other0,3FjdkFYGPTc63p1xK2orN1pKFSjGwd8HQL,3150885,2,1
other0,1K82PbpnTH7wg7M2mzzYKnk15QtKXdA5XM,150000,1,1
other0,19PxChDMxydV9bTgFvPHaJQuE63bcqtFfA,6000000,1,1
other0,1Lets1xxxx1use1xxxxxxxxxxxy2EaMkJ,547,1,1
other0,3HqyEqS79hBoL7s3R8uZMQLq5JeEQ7ZDNe,1076565,1,1
3PyrmojQQRXRFhzpW833H5fjCyFHYxZGry,bc1qu0mh5qavhrfyhr7jymfhj795uq4u2sv5009aq9,1217668815,1,1
other0,31yMGm3wFbBLdNUJUMu1FFB2tiwPNy162e,4925461,1,1
other0,39K1ptkoH7AN5hirMT9YC8oYMAXHG95s3y,49608524,1,1
other0,3HzzsUCodZMezMkj1CdSBCj1fG96aVLVrr,1043293731,1,1
other0,1F2Q38kLEeEKGZZiMJJggYKhyCiQF6B35Z,140000000,1,1
other0,193DGrWYddmzY2oVaMPfvfRj4pypF1KRc6,101500000,2,1
other0,other1,166557822,33,1
other0,3A97h5646DEEdPmfpiHH1wXiETyi7yxXDF,99634040,1,1
other0,bc1qanegsug9jg2e5nj4zf2tl4q2z92l7qqt0aqzqm,290322352,1,1
1Pryfw3u5g214begBb7Y4MR4AfLrs6jYc,34KsW5mwAxr7zYznfFZwbap8ru4jCyrAPu,5000000000,1,1
1Pryfw3u5g214begBb7Y4MR4AfLrs6jYc,1MUvNnwqhxEDDbtcYonNvgDgqkXvQToggL,33542588,1,1
1Pryfw3u5g214begBb7Y4MR4AfLrs6jYc,other1,35522078,14,1
other0,3QHiRtG9q3XZ3RG8nyy7DgMYk5V2NVoq1S,1689726922,1,1
other0,other1,12440040,9,1
other0,12qA97T8hsDgvVoRCXGZifd9PCraqvd2DW,38742753,6,1
other0,1AKqXPS3cCxrD3MTqmT7ZczZisMrjBaCnB,18847479,1,1
other0,1ECK5CDFcgdhmmnigiyUSho95XoSfzgL3G,8277105,1,1
other0,other1,2332770,5,1
33FACi9w7wvruuWKjXNbYw7pRnvPzc121b,3DSe7pgSWFKiJKBqc4SonkXBoRgBppCNPi,287130355273,8,1
33FACi9w7wvruuWKjXNbYw7pRnvPzc121b,3LoeuEvZnjvw1MqhbgHNyruFUx61UgFQw4,3595000000,2,1
33FACi9w7wvruuWKjXNbYw7pRnvPzc121b,17h56WVX2SEHfBSuqTeAZNYwWHcDc9gW4m,2400000000,1,1
33FACi9w7wvruuWKjXNbYw7pRnvPzc121b,other1,11439691057,37,1
other0,bc1q4s637yj7frcnzwwxal8wmncrm082aef0gfmrfv8dqxdmxaeu4suqpkjcsk,563818,1,1
other0,3LmNihu347Vezodb8mH59RxY3bs8GH96sf,771509,1,1
other0,1EBcA51qSwodtApXbtxxWGTEEdDXfxSgb9,876000000,6,1
other0,3EDNWcHTeHAtiTetCGrjFMXbB5UZjpj7YV,123000000,1,1
other0,bc1q3lqdsgk076s25u5zpgkezn5e99n2e974uupf6l,46766127,1,1
other0,other1,27636773,31,1
other0,15W8fDAiGPSkjqk5LB7KBpCJBqsb2irygX,501182,2,1
other0,bc1qpqxhyl0ukatzzkyxmke8zdsl4eqwd57kc3fc0z,10000,1,1
3E2adcep2NRRpriLnWn1AvW3AHKqBx2mMr,1FH7bX2vpso1w4Szjpjgka5bDqytepM5G4,100000000,1,1
3E2adcep2NRRpriLnWn1AvW3AHKqBx2mMr,bc1qykv7auemal2lxd4try2ptv6tjwzhx8g6ewfaa5,61521972,1,1
3E2adcep2NRRpriLnWn1AvW3AHKqBx2mMr,38Ljjynt9rPGziLcqP6QmYc2s6ZXiT96n8,40295983,1,1
3E2adcep2NRRpriLnWn1AvW3AHKqBx2mMr,other1,185300148,34,1
other0,bc1qn8v28r57vesva3svmfxesmah7jtwkzz5d6tkpg,2178765,1,1
other0,15TK2JKCaBNQAsfnCp4oURrbuFdzwmaigR,19270,1,1
other0,12qZLZ5RFDPEgPSJ8g4wXWw5sAfKand7ZF,80000,8,1
other0,1pvoQaTcsdHiFnhJELGaqj5HFv9jju3R9,70000,7,1
other0,18p79KQwt2RwcMorggepKBhLZj2dZ6zreZ,60000,6,1
other0,other1,100000,10,1
other0,1pvoQaTcsdHiFnhJELGaqj5HFv9jju3R9,180000,18,1
other0,12qZLZ5RFDPEgPSJ8g4wXWw5sAfKand7ZF,90000,9,1
other0,13BcqZSphuSWbSTGR8h991NrRj7QQ5hCVf,20000,2,1
other0,other1,50000,5,1
other0,1PaJsPD1a8cWGuAwaSU28tNqfNsAhvm1f1,11000,1,1
other0,1PuhNrfCsWgVko7L1oT1XsE9Mk9ZRF3ejq,2659705,1,1
other0,34Gh1c7kFEEZz5a5d3JEGZ7PtFGiMVVnFW,203568656,1,1
other0,bc1qx65xcxz6dfsge2g4eaerercslh83y66wrpm79r,18473904,2,1
other0,3ESvw7Zf8X8PCmMG49tEif5xcWyBiLVDf3,64241,1,1
other0,3QznT8E3jtRNsHfr8sJsBRgVMWoqrFPAqG,300000000,1,1
other0,3EhVJVqHT7M7gFLAYEyEfe8db94KxrLGiH,7131184,2,1
other0,3NJS1keH27vhL1yjyxbdktX5kEtCddpjf4,4687799,1,1
other0,other1,6881070,9,1
other0,bc1qkl5v9f7scg53lvv9p8hd0ut5am34gven67p6cy,4861073,1,1
other0,bc1qfw7f6q684h0y70g0fmrcxqghf90y3jsue3myf9,3508602,1,1
other0,bc1qr4rsm8a40c66tlvsqd5qg74cvrqm9uzhs8fetk,507862,1,1
other0,other1,3656421,16,1
other0,3JMjHDTJjKPnrvS7DycPAgYcA6HrHRk8UG,2540000000,4,1
other0,1HFGiMJwrofzsXtR9sMzNRAyC6hYMCqSt,10677768112,1,1
other0,1PgqG3pTxXC5KiHoDFiYy9fmdwJw18sSLx,10163801610,1,1
other0,1LRVMS3U9v6nywmLYgjBBni8zCLmiv8tky,9496556359,1,1
other0,other1,70770686157,43,1
other0,332YFbbsXivhQCFoNRBoaeKWtvtSkc3wzM,516800000,1,1
other0,3Q6gnkm8pz6VTtALdiBHJZQZEqyam4EvPu,1000000,1,1
other0,3NdLKPmb8t2iRyfew786xztrG5NM7Mxn5c,97311501,1,1
other0,3HqyEqS79hBoL7s3R8uZMQLq5JeEQ7ZDNe,1076565,1,1
other0,1JUEjD4sPCyCaHiJcDnm59tBaoNjTam9cX,63828,1,1
other0,13WJXu2fRdQJZKvFiE2i4zzJ1CGYaLY29j,25386,1,1
other0,1Jk25LW7SDhhiVwpCti2kZnN8vVfM8kjhs,224300,1,1
1GRFJZ5eZZxq3FDDskY2KvuspJtHyHSxRd,1JW4i7Jwz4c8gC4dRELgex5dvj97npWhAs,862900,1,1
other0,1Jk25LW7SDhhiVwpCti2kZnN8vVfM8kjhs,224300,1,1
18b8qTU1QjhmKM6ri9up4Yzw1uqoVio3x4,1N3rqo4tPDEsyZyJaU7i5k6UgX3d7Ss3Y1,957500,1,1
other0,1JdzeNEs7Vi5bQ1FjECPEjnPV7hGPK4rDR,161000,1,1
bc1qfmlxeemyk8a9stz5z4plpqgj4255hcx9jsqvyj,1HY7eosW4bEhaupvrLRHqgJzPyhabAE7aL,748424643,1,1
bc1qfmlxeemyk8a9stz5z4plpqgj4255hcx9jsqvyj,1Mm8Qnw8sb5wHnjyk6qfpobfPNMaKQ4HzS,121542686,1,1
bc1qfmlxeemyk8a9stz5z4plpqgj4255hcx9jsqvyj,15EJdemykttAYLGkMKNTQvMucR2NDQaL1x,117995289,1,1
bc1qfmlxeemyk8a9stz5z4plpqgj4255hcx9jsqvyj,other1,114645880,7,1
other0,3HT7gHuY5uRpjq8sb2PTVmd2zYuTm63hwj,176037501,1,1
other0,1NRKaTrA4T87xviK9qdmx5giFRtiF7AXdB,100000000,1,1
other0,1B5YJw3z1vR1qs5thSZxJA1DzJSpC4bgzs,76000000,1,1
other0,1JQy8pqqhxi1EtRcUXeXV3TQo1ieQRXjgp,12450000,1,1
other0,other1,26800974,9,1
other0,1GL5VFrRH5fJnU6HgdkwdBsBuczGMzDXBS,14257130,1,1
other0,other1,116749095,32,1
other0,bc1qahhegygkjzjuv3x4896t9e69wzq0g3hkfs749u2xnr5hll9g4vdqh7vy2z,160945770,1,1
other0,15pZy8ejKL1hb34nEsE74NCcJ8udAVAtM1,13630000,1,1
other0,other1,16975236,7,1
31rfNmts4ucjRy9CXH343rCY8J3WSfDQ73,1Ho9wMVEH3UD4mR2gEwLk3sZZozKqiWHfx,601609340,1,1
31rfNmts4ucjRy9CXH343rCY8J3WSfDQ73,1HK2x8DrEzeqSe5AxHYTofAXYpCg9aEDqM,378361355,1,1
31rfNmts4ucjRy9CXH343rCY8J3WSfDQ73,1HVKaeTWetnqcy9XKLrc548pxNsoFgrHct,61042585,1,1
31rfNmts4ucjRy9CXH343rCY8J3WSfDQ73,other1,152515608,27,1
other0,3FiqgQAK3ktmH3Whrz3oj9KJZgZH9dMZm2,250000000,1,1
other0,1Br92AF3DKA2nMsE3ZBzn9mTerE8PXYu1S,9062438,1,1
other0,other1,14654547,11,1
other0,bc1ql5kawzx2n6u7fvwl2gtlm98854e3zhn4pnhhyl,4728100,1,1
other0,bc1qht66yw8xc5fhv9rsvtvnqpc3cuf0qetep2vm6g,1076500,1,1
other0,bc1qgpl6we7fps8rnnsqhjkfac9lv444lj0vhfen3s,642400,1,1
other0,other1,547,1,1
1JhD5nYacEiY96Uev7eJJB9uUoToWH3QHE,bc1qxacjvfekm0tztrmldnmzyl0ngzl3lu7dkwt0qx,2900000,1,1
1JhD5nYacEiY96Uev7eJJB9uUoToWH3QHE,33JAAVuYBnFH1wUEvRYamuNYs43YCeDPvE,2047985,1,1
1JhD5nYacEiY96Uev7eJJB9uUoToWH3QHE,other1,6422440,8,1
1HEYux8tcsFXm9pF718PWURWRJgs7mLtXK,1PENYetqks3Xh31G4WEyoqSmbbnbK2RxXr,11230713791,1,1
1HEYux8tcsFXm9pF718PWURWRJgs7mLtXK,1FqpCTGtcizWYqyj4PRFonwqGaTzkDAgHA,7939055631,1,1
1HEYux8tcsFXm9pF718PWURWRJgs7mLtXK,12qgDLKdAKqCiE6i8vja2wF5MCrstFf5iM,6920693028,1,1
1HEYux8tcsFXm9pF718PWURWRJgs7mLtXK,other1,6455658792,1,1
other0,1GL5VFrRH5fJnU6HgdkwdBsBuczGMzDXBS,14257130,1,1
other0,other1,126839221,34,1
3HqL66H3Z6SJZjSynKuPrWZ56ombkNshXg,31o7GsFQpjiwYn6YrCwYYGSfwdkvDRTJQV,2305198,1,1
3Mk3BDEuyZhNTyNCLvsP573mW1V5o2UpE4,392YJnjE7dzBPFTWwfBDHAUeeqPHHctD6X,1675000,1,1
other0,1PyFBctAcwkFxHyw72pT339WQo41avq1qR,5000000,1,1
other0,3G22hUsWNoe9UyYkA67KSi3CrKcySCkVcr,1921016,1,1
other0,1u3yQKCthg6miSdjjcssEEW86kn7YKe2t,174734,1,1
other0,other1,291810,6,1
37XwkFH9RWAihPFfKkUanVLpNSuDr7YUuL,3QXzY9h54bVwqQ7LhqezMUyFGbEKJzV6Q1,6006139,1,1
1dJ1sXEtHdV2jyXf4FnVP3R3xjbieajhx,1KNHWBRaKNXDLgqYa8EYb6NM4HnK3dmamP,40000000,1,1
1dJ1sXEtHdV2jyXf4FnVP3R3xjbieajhx,bc1qfmgdvn3wmsq3kn6xk4nu8dkrnnsg88kl5j688h,27585200,1,1
1dJ1sXEtHdV2jyXf4FnVP3R3xjbieajhx,1GaLJznm5jz84r2A12VcwT79KWXJMmqkNP,16700000,1,1
1dJ1sXEtHdV2jyXf4FnVP3R3xjbieajhx,other1,8447738,1,1
1NDyJtNTjmwk5xPNhjgAMu4HDHigtobu1s,33HNDKtNstWUSfWaBYvwFDsPaZu3VgXwXt,589663077,1,1
1NDyJtNTjmwk5xPNhjgAMu4HDHigtobu1s,36YNbMSszCBuNXtyCbH7A3b7ikohfYyEEX,138954500,1,1
1NDyJtNTjmwk5xPNhjgAMu4HDHigtobu1s,3CfsCg96AG4pQjRfeoEW9yyUvg8z9N5uZf,56856407,1,1
1NDyJtNTjmwk5xPNhjgAMu4HDHigtobu1s,other1,228228747,81,1
1FostQ6UAp4uz4VqpbSyp84sqPfoZ2yeZQ,1KzSMLhbJ2jKXCcZjDVvBHvzPWSUMhqhnZ,10812701566,1,1
1FostQ6UAp4uz4VqpbSyp84sqPfoZ2yeZQ,12BQeiDA4ZdMKzx17HzirfvqBeFd6PnhyR,10176912121,1,1
1FostQ6UAp4uz4VqpbSyp84sqPfoZ2yeZQ,17D9nm8Mfv5wgxYaZahFV5yZc1FKDs3qTw,9110315281,1,1
1FostQ6UAp4uz4VqpbSyp84sqPfoZ2yeZQ,other1,35559370314,13,1
1NDyJtNTjmwk5xPNhjgAMu4HDHigtobu1s,33HNDKtNstWUSfWaBYvwFDsPaZu3VgXwXt,589663077,1,1
1NDyJtNTjmwk5xPNhjgAMu4HDHigtobu1s,36YNbMSszCBuNXtyCbH7A3b7ikohfYyEEX,138954500,1,1
1NDyJtNTjmwk5xPNhjgAMu4HDHigtobu1s,3CfsCg96AG4pQjRfeoEW9yyUvg8z9N5uZf,56856407,1,1
1NDyJtNTjmwk5xPNhjgAMu4HDHigtobu1s,other1,228228747,81,1
other0,3EiEN1JJCudBgAwL7c6ajqnPzx9LrK1VT6,6177775643,21,1
other0,37EN6aNCVmcpyL21eHMp7NHJTXa8N1tFLN,50000000,1,1
other0,1BPNajh1bhgaXy6xMTtRZQ9KBveX3pNGys,25977000,1,1
other0,other1,52047088,21,1
1KQV2K26YyoZXzA16HqARLyXW9zMphndDf,115md8GZ5S8CmvUj8a8cW58YcKvv2SekYf,438345238,1,1
1KQV2K26YyoZXzA16HqARLyXW9zMphndDf,37K2hKTm8zRn6fFaQCjJUVz8CGb1PqfGiT,30000000,1,1
1KQV2K26YyoZXzA16HqARLyXW9zMphndDf,other1,643329,2,1
other0,34JtQC6ewZaD9ytN74Ggx7rskkRREywM2F,226300,1,1
12k9LXcH5CWAJ2KYW7pM1cvctdMNgfTxAa,39UtEjVBxqzkt7Bz1Z6sova9fbVKakpWav,99979349,1,1
12k9LXcH5CWAJ2KYW7pM1cvctdMNgfTxAa,3LtiihbRge6HmtKuNz1jArU9mBRySnRqWF,84982630,1,1
12k9LXcH5CWAJ2KYW7pM1cvctdMNgfTxAa,3MZdtWc6NgNtwgz5fZj29CfHtgTRBQqjNm,84976060,1,1
12k9LXcH5CWAJ2KYW7pM1cvctdMNgfTxAa,other1,454208287,37,1
other0,3EiEN1JJCudBgAwL7c6ajqnPzx9LrK1VT6,427736363,2,1
other0,1NqUHfJUUzNMADwGDJ9uzxLyYyKeXZR5G5,609000,1,1
other0,1g6x8ZoJUkGbwefgUioucbDHQ9JQxLo9C,200000,1,1
other0,other1,100000,1,1
other0,3H44PR8AynET8VakXtRUYU4hekNNqpFQvu,5613136944,3,1
other0,1EF13Bts7D9DnbuRhk6Y5hV8sTaoYPmbHq,555400000,1,1
other0,19neFkdnmbJYzz1EYdTwuwDrHcQ7nsVq9R,499910000,1,1
other0,other1,639576331,34,1
other0,3H44PR8AynET8VakXtRUYU4hekNNqpFQvu,5613136944,3,1
other0,1Esm51GkHnuSD9aVMQZsfb7KZGjtJhwhys,800000000,1,1
other0,1PSxGixyPgBu63gZtJT5Vr7BLPHYpf7fjf,130000000,1,1
other0,other1,240797226,43,1
other0,3EiEN1JJCudBgAwL7c6ajqnPzx9LrK1VT6,71053645947,14,1
other0,39mKJfQUSdEFD7WtgutQtntMWTYVBiKHnU,14552891494,2,1
other0,13qYidg5bjyAizcwEXhcT8fpQ6GVoHZYEw,225648320,1,1
other0,other1,209688910,24,1
other0,3H44PR8AynET8VakXtRUYU4hekNNqpFQvu,5613136944,3,1
other0,1AQPZXa8KesX7mLwVKjL85qZPnUd8VSzBv,3078890186,1,1
other0,17mHf78n3pmRTHzehuNDRny7PANQU5eGQk,1440000000,1,1
other0,other1,1283921691,34,1
3Bmk4VG6x5XVa1Mz5HoSaRw5H5xLUxxsAa,3H44PR8AynET8VakXtRUYU4hekNNqpFQvu,5613136944,3,1
3Bmk4VG6x5XVa1Mz5HoSaRw5H5xLUxxsAa,1AQPZXa8KesX7mLwVKjL85qZPnUd8VSzBv,1976428215,1,1
3Bmk4VG6x5XVa1Mz5HoSaRw5H5xLUxxsAa,1KPdmYaeRxc4S7rCVtpLCJAhpnLdgZ7kmS,406249994,1,1
3Bmk4VG6x5XVa1Mz5HoSaRw5H5xLUxxsAa,other1,724029880,37,1
other0,1PMB2pZF2UXXCdaHVUUBJGUfryHyGQZbnV,1489554,1,1
other0,1Ebp28a9maY18PBYH7HygNje9f1yMtoeiK,276000000,3,1
other0,1n6bJcxW9J4bZ4iuWHavZNQJHBSRt5dKQ,115869593,1,1
other0,1JG3UuGnVM2S8myEsSagiLpY8yQhQPhNgd,115343950,1,1
other0,other1,292690510,30,1
other0,3H44PR8AynET8VakXtRUYU4hekNNqpFQvu,3579157725,2,1
other0,1BUJ45qG7LCEsaCMvnDdt1aXEr2dtMpbxy,2716452976,1,1
other0,19s7eSb2wYZWXsTNkNUvDBZbkCxjk9vQUR,2700000000,1,1
other0,other1,3165858170,40,1
other0,1PDt8PWrzemzMde7N1FeA5jbBNcuMTNNtS,1450000000,1,1
other0,1K78SP5y4Zgmihyfsr9s6T3L3bpjkj5rog,644297382,1,1
other0,1FTJzwrAksYWf2XAX4ZCpWX6Z6tzLP54cS,146752878,1,1
other0,other1,882983117,40,1
3F9kXQwbURrf9b48UVhv8uirpZpfpTd8fL,1AQPZXa8KesX7mLwVKjL85qZPnUd8VSzBv,1973901841,2,1
3F9kXQwbURrf9b48UVhv8uirpZpfpTd8fL,129GZdzjXN7MtEmrMnDSjgp9V1jHPEHgdx,451440701,1,1
3F9kXQwbURrf9b48UVhv8uirpZpfpTd8fL,1Ebp28a9maY18PBYH7HygNje9f1yMtoeiK,268400000,2,1
3F9kXQwbURrf9b48UVhv8uirpZpfpTd8fL,other1,830856383,34,1
other0,34X3kp5PTrqR9dA9Zf9XwivpE6tnNJdHKB,162087555,1,1
other0,3H44PR8AynET8VakXtRUYU4hekNNqpFQvu,5613136944,3,1
other0,1AQPZXa8KesX7mLwVKjL85qZPnUd8VSzBv,1976428215,1,1
other0,15BsWuBLmJzXCHNvHCf2EVwd38UHrYGpgc,262011373,1,1
other0,other1,932490570,38,1
other0,13qYidg5bjyAizcwEXhcT8fpQ6GVoHZYEw,236712640,1,1
other0,1NRKaTrA4T87xviK9qdmx5giFRtiF7AXdB,100000000,1,1
other0,other1,127729519,15,1
other0,3QZqDtoiZtk9Qq5Kx5Z5cQD37zGFvsxUfC,86789177,1,1
other0,3MrfAnGEKQ4Azw8UtsUx8mjdLXi81JtHE9,8805672,1,1
other0,other1,6739505,2,1
other0,3Cn4q3tEcCfQqgXpUdvEanvUs8yQc9savB,1773289,1,1
other0,3PdKaWwshFBWg6vAauToecqEAFtsuzyxGV,96648064857,24,1
other0,bc1qahhegygkjzjuv3x4896t9e69wzq0g3hkfs749u2xnr5hll9g4vdqh7vy2z,154927872,1,1
other0,bc1qxcjkl0gyffz2tz935cepgetruee7n3kcva80a0xd9wgcyz93r2pqkgkjwv,81444379,1,1
other0,other1,247552361,21,1
other0,3H44PR8AynET8VakXtRUYU4hekNNqpFQvu,7648318617,4,1
other0,1mAHioT6rXnc9tjcJrm4RqGeb9GZQr6Xc,399869286,1,1
other0,3Ad1tyxBRojWkZAVSbpD8wAfLy1BpMHwc9,303639587,1,1
other0,other1,590980595,38,1
other0,3H44PR8AynET8VakXtRUYU4hekNNqpFQvu,7648318617,4,1
other0,12BKwFziuU3E1ZK7t9fN44vRt6d4fvyfPQ,300219272,1,1
other0,1Jkev5RFGGL7ddcuFDx4Z8bbQ1J935LW7N,90000000,1,1
other0,other1,233195561,41,1
other0,bc1qyy30guv6m5ez7ntj0ayr08u23w3k5s8vg3elmxdzlh8a3xskupyqn2lp5w,860977837,1,1
other0,3EiEN1JJCudBgAwL7c6ajqnPzx9LrK1VT6,10024362993,10,1
other0,39mKJfQUSdEFD7WtgutQtntMWTYVBiKHnU,9589001835,5,1
other0,13qYidg5bjyAizcwEXhcT8fpQ6GVoHZYEw,225648320,1,1
other0,other1,183513242,26,1
other0,3H44PR8AynET8VakXtRUYU4hekNNqpFQvu,5613136944,3,1
other0,1VJKMscYqK9mEb6UNwhJJSZbnbt187tT6,920885853,1,1
other0,12cyEnXnS9YFc8ytUeZcXeCQP497jdwc3F,568200000,1,1
other0,other1,1736116608,42,1
other0,32xD28UcSWVvGWJK9vHpQk5Noq9eU8PgER,105000,1,1
32ihzmrVTiJomwSXuGW66dMb6iEaV55qQT,3H44PR8AynET8VakXtRUYU4hekNNqpFQvu,7648318617,4,1
32ihzmrVTiJomwSXuGW66dMb6iEaV55qQT,1AQgrExv12divXtXQBnHXRHSLT1uYSgCbH,1500000000,1,1
32ihzmrVTiJomwSXuGW66dMb6iEaV55qQT,1EwaADvnBmiNYqP9qd9TgCNSBWGmjHa9Bt,148930688,1,1
32ihzmrVTiJomwSXuGW66dMb6iEaV55qQT,other1,368875493,35,1
other0,1LPfGH6HZD4koJDMHPD6m8WL7TCiKgHkjD,977317689,1,1
other0,13vv4YeDkpdwoa7vTQU6VincZSi8Hsmkk1,13188970682,1,1
other0,1Pq5VN5JiuiZNTBDekssvgNc9U8yym5mtR,11485326239,1,1
other0,1KJiwvg7Gg1EUXA6Bz89DTCEuRNekqUmqn,11182678268,1,1
other0,other1,75849032576,41,1
other0,3H44PR8AynET8VakXtRUYU4hekNNqpFQvu,5613136944,3,1
other0,1G3qk4WzaPKx4ZcgCF2G3ptyH91cg1HSZJ,987000000,2,1
other0,12DqaMVSNfqSc8HzgTXwkNSRdC5oMRVFX5,848799194,1,1
other0,other1,1814508346,34,1
other0,19ByucTTcnPbh35iXquHUCGAbEDWcbTNgK,6526117,1,1
other0,3H44PR8AynET8VakXtRUYU4hekNNqpFQvu,5613136944,3,1
other0,1KPwpKrpVuorFDEeMFLAEPNAYaHpCwrbRG,712115733,1,1
other0,15V93Lzus2MnfaMHm3ctywb3YvRYYdG1dS,379650889,6,1
other0,other1,412003554,33,1
other0,other1,3550000,2,1
other0,1Pq5VN5JiuiZNTBDekssvgNc9U8yym5mtR,11485326239,1,1
other0,bc1qts0fcvm5wpcxp8kjvy9rwnh2s4lyylngnnn3sj,11279247806,1,1
other0,1QEXSCRK2PqvKMSc9vLT7Rv31YmbU5VYbV,10622565278,1,1
other0,other1,116574661751,39,1
other0,3M6otro8y4CAjP99Pg9p9ngFCjYsUeur2r,59857807,1,1
other0,3H44PR8AynET8VakXtRUYU4hekNNqpFQvu,7648318617,4,1
other0,3AWGaggM87Nnhit5DwYYfXyvzW1NYutCw2,1920000000,1,1
other0,1NGqdkvFixiYByXgV1xrAHmxjoMFjhtXeA,490000000,1,1
other0,other1,1134455536,34,1
1N87XqnMYGmQVJ4uPk1LBarSywfvtwGLkJ,3AEmABoaq1C2pFiTHFNeKT4562smXqNExw,1986439,1,1
36nMQpmvEDurQfKdjzg3WDyVNtjFhvVZUN,34DsKwPyXxyebZ54gywKYHRCQDze6MzEor,5709550147,3,1
36nMQpmvEDurQfKdjzg3WDyVNtjFhvVZUN,39qSDWogHzEJQNwnKAu3ZDKQaAirDCBmP6,4028261022,2,1
36nMQpmvEDurQfKdjzg3WDyVNtjFhvVZUN,354MAAbeV3D1k4gQs3HhaWjojVWfc4Vwd5,3988560460,2,1
36nMQpmvEDurQfKdjzg3WDyVNtjFhvVZUN,other1,12365015659,16,1
other0,1PVfM6NKBEDAro4duS1Uj3ex4nwbRGDTCD,500000,1,1
19URJZ1F6YdQt7CmBSbb9imeYnggTfciZ6,33dsLVJXdgCNT8brTAfRBGcaEfmQEQnTfA,5145960,1,1
19URJZ1F6YdQt7CmBSbb9imeYnggTfciZ6,3AyKEmdArKTRhcZQ9ddVXLzLQ1YiGmG8AY,5114889,1,1
19URJZ1F6YdQt7CmBSbb9imeYnggTfciZ6,other1,9641549,5,1
other0,3ChGBG99AZTYjZFwxZ9XSkJnDqSEaVjqKm,46132589,1,1
other0,3EiEN1JJCudBgAwL7c6ajqnPzx9LrK1VT6,7456896340,23,1
other0,171khKfy6QCkCtbwvrWPF2amBksBAe4bDW,55400000,1,1
other0,3KkjxNWyaQmv1C3H5uw98UgHXeKm5bAxHo,30660000,1,1
other0,other1,85714079,20,1
other0,bc1qzk2pyxtahg64cx6gyq02vrw65fdxtpr253r4ygww9n2w2zjyy8wsnyc666,2000000000,1,1
other0,bc1qzk2pyxtahg64cx6gyq02vrw65fdxtpr253r4ygww9n2w2zjyy8wsnyc666,2000000000,1,1
other0,3Eb1Fdd7986PRfSSYzQqpwqKcjtncszd6U,1940774499,1,1
other0,bc1qyy30guv6m5ez7ntj0ayr08u23w3k5s8vg3elmxdzlh8a3xskupyqn2lp5w,234447850,1,1
other0,3BvDBs9EgajrpNuQQUKfrcFnXgjyLuZioU,7663428,1,1
other0,1Ht35kM1muauqWYg2ihoZquVr3dSap1xSH,1497269,1,1
1NDyJtNTjmwk5xPNhjgAMu4HDHigtobu1s,3GVfM46GQAYZ4p3peZbMyajyF3b8ujBDrE,25499953113,1,1
1NDyJtNTjmwk5xPNhjgAMu4HDHigtobu1s,34qZ4NCwM3g1NoBJoaqXVmHZz3VWKTugWu,5499924981,1,1
1NDyJtNTjmwk5xPNhjgAMu4HDHigtobu1s,33HNDKtNstWUSfWaBYvwFDsPaZu3VgXwXt,589663077,1,1
1NDyJtNTjmwk5xPNhjgAMu4HDHigtobu1s,other1,833831747,113,1
other0,38VXutnatrvjvrZ8rErkiipNJk6UpLUTs1,211005574,1,1
other0,3QWRK8BXbcAMtD7mvhBYVXiLW8MG1HnoG8,1214511,1,1
other0,14TDxS9NQhiu1tX4qeFwRkisXn1oDmTuKB,221734511,1,1
1D39KuXr9w2gRxfqesDqb7eGCkedKeEqEM,3EiEN1JJCudBgAwL7c6ajqnPzx9LrK1VT6,56066130459,7,1
1D39KuXr9w2gRxfqesDqb7eGCkedKeEqEM,39mKJfQUSdEFD7WtgutQtntMWTYVBiKHnU,41657280343,8,1
1D39KuXr9w2gRxfqesDqb7eGCkedKeEqEM,1PHtWouyUiEFW2EXtbAKBbiU4pSA8ve7ue,163500000,1,1
1D39KuXr9w2gRxfqesDqb7eGCkedKeEqEM,other1,199479318,11,1
1Kt1fU43GLD1Lyoh8VfZ9UBTGb5T9nQ8U,3K5hL9ww8uGEArV3babxRiHQAC2JYrRVKC,1299167633,1,1
1Kt1fU43GLD1Lyoh8VfZ9UBTGb5T9nQ8U,1LdvasokiJ24NnTMmBXmkLo8eDDsDMEwzW,569160960,4,1
1Kt1fU43GLD1Lyoh8VfZ9UBTGb5T9nQ8U,3G23cNe1eqKbUxRyRrmbVk5gwxBJrZuXud,499930000,1,1
1Kt1fU43GLD1Lyoh8VfZ9UBTGb5T9nQ8U,other1,1614662187,41,1
396bwtUqTfFTCuYogQa1A7hbYfRj61HpBA,3FFK5DhW2aUcvZens1xE8gyYHoxnVanHe1,2702474538,1,1
396bwtUqTfFTCuYogQa1A7hbYfRj61HpBA,3HWUZ3XWuASFLvBwotV6VFSCwAN6epqWv7,2014938058,1,1
396bwtUqTfFTCuYogQa1A7hbYfRj61HpBA,3H44PR8AynET8VakXtRUYU4hekNNqpFQvu,2008977805,1,1
396bwtUqTfFTCuYogQa1A7hbYfRj61HpBA,other1,1451843593,2,1
other0,3QqNS4SCidCVsifPGK7LayCMy1huD2ZN3R,61362024,1,1
15dtNQYbKw6AUoreo3PgGbQ651vvzzacJK,12CrX1wWSvsC6SynHzuPAjEBVoKwR9fAYW,41858436,1,1
15dtNQYbKw6AUoreo3PgGbQ651vvzzacJK,181L66dV2WgSu5A6dcGX9qdshcuirgcv99,34540643,1,1
15dtNQYbKw6AUoreo3PgGbQ651vvzzacJK,16QkUx2ZB9YDvqjhruaw4RkmCQ939F7tsj,27943295,1,1
15dtNQYbKw6AUoreo3PgGbQ651vvzzacJK,other1,19866017,6,1
other0,1Ebp28a9maY18PBYH7HygNje9f1yMtoeiK,276000000,3,1
other0,1n6bJcxW9J4bZ4iuWHavZNQJHBSRt5dKQ,115869593,1,1
other0,1JG3UuGnVM2S8myEsSagiLpY8yQhQPhNgd,115343950,1,1
other0,other1,319147623,35,1
other0,3H44PR8AynET8VakXtRUYU4hekNNqpFQvu,5613136944,3,1
other0,1AQPZXa8KesX7mLwVKjL85qZPnUd8VSzBv,3078890186,1,1
other0,17mHf78n3pmRTHzehuNDRny7PANQU5eGQk,1440000000,1,1
other0,other1,1283921691,34,1
3CjKTjTb7Fqgz3VikEjVXiQkgLGGgnJjfY,3H44PR8AynET8VakXtRUYU4hekNNqpFQvu,5613136944,3,1
3CjKTjTb7Fqgz3VikEjVXiQkgLGGgnJjfY,12DqaMVSNfqSc8HzgTXwkNSRdC5oMRVFX5,947240005,2,1
3CjKTjTb7Fqgz3VikEjVXiQkgLGGgnJjfY,1AucWbeGkRrHguYrGTNFR5HaJNbi8RSC9P,600000000,1,1
3CjKTjTb7Fqgz3VikEjVXiQkgLGGgnJjfY,other1,963673077,33,1
1NDyJtNTjmwk5xPNhjgAMu4HDHigtobu1s,3GVfM46GQAYZ4p3peZbMyajyF3b8ujBDrE,25499953113,1,1
1NDyJtNTjmwk5xPNhjgAMu4HDHigtobu1s,34qZ4NCwM3g1NoBJoaqXVmHZz3VWKTugWu,5499924981,1,1
1NDyJtNTjmwk5xPNhjgAMu4HDHigtobu1s,33HNDKtNstWUSfWaBYvwFDsPaZu3VgXwXt,589663077,1,1
1NDyJtNTjmwk5xPNhjgAMu4HDHigtobu1s,other1,833831747,113,1
other0,3QPDNaj3PPTMDtdanCRpbcSM7SrRNUKus1,3481617820,12,1
other0,3MzzV2kFKeweUZha8phPND9ZRfsU6ck9zC,145500115,1,1
other0,13ifEhWPRAXF9kaLTeHTYYViq75wfThDCB,4238600,1,1
other0,other1,5081050,13,1
other0,1J9UZvdFP5betiX2oFkeHBcDjVXD8ceFPV,2743673,1,1
other0,bc1qyy30guv6m5ez7ntj0ayr08u23w3k5s8vg3elmxdzlh8a3xskupyqn2lp5w,1628174768,2,1
3JMjHDTJjKPnrvS7DycPAgYcA6HrHRk8UG,34MSicAL7qVGkevFPLwyc9KohGzoUSnu3Q,35000000000,1,1
other0,1CnCfvUTFQf11QNeBEpk29rRXfNFg75R9n,9018803437,3,1
other0,1EEqRvnS7XqMoXDcaGL7bLS3hzZi1qUZm1,388085523,1,1
other0,other1,67086832,3,1
other0,13VJbHSwTXRheGBBt26vXUriHwQsApVZBS,57618,1,1
other0,1BzNwuRuPfh2LE14WMuKp7eBBpPppryZzX,10815598,1,1
other0,3KhspMqfgkR7uKJundTSf1AtXCcg6d8KDC,940000,1,1
other0,other1,1150253,2,1
other0,18SQaGRT7scYDB5XX2Boew89mvN57AHHoz,16840306,17,1
other0,1GTfMoovFRwTv4mVJSdvWRGKfMNm7afpQM,3595225,1,1
other0,15xUmznixKRrxkeWj2ZN67qFwZWX32h3N7,2157656,4,1
other0,other1,7665439,16,1
other0,bc1qvpalqs8ttekkdh506m0y7w58dq227zz9h44w47,241666172,1,1
other0,3967e8Ang6rNXhxNw5gQ7mHke3tPRzvqvy,22187110,1,1
other0,3Esej7TyUeqNQn1kxG3GAjeRJoBmTmCiqh,15105452,1,1
other0,other1,58781184,44,1
other0,18Nkgz8Raiocuyp5xVZMCAJQ36HD8DnFuC,99900,1,1
other0,bc1qatzqvlezegkw8vwwtxcuus8rwa2sn2l3uwkltd,473598332,1,1
other0,1AsR5rC9ixNCYnKGwEV1A389wpAxiQWcXL,2453448,1,1
other0,1Crh2mebFEnV2GTij2V6qgtKeYwmj6WgZJ,3039,1,1
other0,bc1qanegsug9jg2e5nj4zf2tl4q2z92l7qqt0aqzqm,290322352,1,1
other0,16cjxXVW1xEvTxWBhDSQGB6LBhVy5sHq6Z,217029,1,1
391PeuMPRpDDLa9V4c5Dkfjh5SnqXdWiEc,392YJnjE7dzBPFTWwfBDHAUeeqPHHctD6X,1675000,1,1
other0,bc1qyy30guv6m5ez7ntj0ayr08u23w3k5s8vg3elmxdzlh8a3xskupyqn2lp5w,192649378,1,1
other0,bc1q3y7rvc7az7prugyjrtqt8gp65vpc3df6vw7y88,13594087,1,1
other0,373GifzHRGRBALbtxHNhhQpZ9DqGuet4Dh,107899667,1,1
other0,36zaWWCrFU73b7PqYbkkqKKiTVV2dNaHZx,1000000,1,1
other0,bc1q3d8p70lhsvtef6yf7kk0x05c99hryldlah8s7h,159671620,1,1
other0,35ygvpiKQ2sQjTpLK7pdfP85qovyEjTwXT,19000,1,1
other0,bc1q3y7rvc7az7prugyjrtqt8gp65vpc3df6vw7y88,63392711,1,1
other0,bc1qwcu9tz0zedwpdrcwkcqp6w4rtujhlvnp68uhg3,5130,1,1
other0,1EEqRvnS7XqMoXDcaGL7bLS3hzZi1qUZm1,244950810,2,1
other0,18ER8fiDcco9RPvnK37nmRyvibpkgSvkTA,1068207,1,1
other0,1NvRdGaR2Y5jdWCovzw8SsbzTTAAGhoccK,1400000,1,1
other0,1DBGnsa2T6qMgDt4TR1De7BKtwDfAB39LY,7922082,1,1
3KhSNRxr5P9WC9TXYua1L2q7F5msvME1bX,3Ea2W8aeQqLg4HyiU9xE2svoX7wTdPNBaS,66003,1,1
other0,12qXWRe7ARuZPiNnZGvpGY3w2zfC25iGCt,508065,1,1
other0,35NCY1LM43QyCNbcHa6uJVkYQ5wf8YZKyW,109168,1,1
other0,112gGNDuEdT8UUYZtr5cvTcvEadcEbnh7t,90000,1,1
other0,3PY7RtM7LeNRddu35u27mMSKfGvAvUQDJh,513951,1,1
other0,bc1qc7mlwaxd0ys88jq4m49c0tc6hjj2qr593vunl8,7316,1,1
12ALaeUSaRiyfuSqopRYAtyjfRgFQDSuuU,1Mb496pvrq4X5smL8iczB8s6L29XXvT5kw,103000000,1,1
12ALaeUSaRiyfuSqopRYAtyjfRgFQDSuuU,18MbJgahHkPq2K1pYHRUrsLoy8H1RoZhPx,30969635,1,1
12ALaeUSaRiyfuSqopRYAtyjfRgFQDSuuU,other1,32908718,18,1
3BMnmKwFPEGti15DHxpHdz1tfBgCLtzqLN,3CFv7wV6n1djYymvW9NdnUxYM9xxpWVJsm,5213000,1,1
other0,3D8qAoMkZ8F1b42btt2Mn5TyN7sWfa434A,100000000000,1,1
other0,1KiJkugknjgW6AHXNgVQgNuo3b5DqsVFmk,15930740693,1,1
other0,14NmB61t8QRrDwKtzhZtnqN1o9kjTrMJiG,7609647427,1,1
other0,other1,30680326669,45,1
other0,1F79mppn7YSJptm7mAAG3cyVGa7sRJ6hbv,10274318549,1,1
other0,1MJpVpfPrsNX2WWs5iWtSsxUCKjCPKVuhs,7732494681,1,1
other0,1PQA36EPu9YM4toTihagJuskmJ1WgPuyJ2,758190000,1,1
other0,other1,1725944918,45,1
other0,1JE71dvfr3pnfVVNmPpoLMkaYhVGknvTXK,10650217591,1,1
other0,1BVhftHNjKtFn28oVmDz4ss53GcssHtDK,9999960000,1,1
other0,1HiTyftkSAdtsDsWpbiWePYUTHVDmCBqhm,9042619898,1,1
other0,other1,12713714509,44,1
other0,1G47mSr3oANXMafVrR8UC4pzV7FEAzo3r9,104744399,1,1
other0,1CCXLxWHKc8x4QV1C51KPUefHSZshSBX25,9999960000,1,1
other0,1886g4knQ12P5vXQepZErSMGj9habSteX2,2120000000,1,1
other0,19TNyoWBB2VzXb14YoDFfsoDhu9D74j5RW,2110000000,1,1
other0,other1,913413187,44,1
other0,1L4AWFXtcrjGppBDD2myyL4kiSjVo9kjGi,750000000,1,1
other0,1C5zmpbwMDKSsEGBT8Rqi7Bk5E4gEsbyhu,28288774,1,1
other0,other1,63566464,32,1
other0,3HqyEqS79hBoL7s3R8uZMQLq5JeEQ7ZDNe,1076565,1,1
other0,3D8qAoMkZ8F1b42btt2Mn5TyN7sWfa434A,100000000000,1,1
other0,1MYVcPwcJJEXMihEa9Cnx1eBAmps9ycaiJ,12403394891,1,1
other0,133t5bqbkKhYYjQrgzBono4Pgswx4gDVwW,999960000,1,1
other0,other1,1706085562,44,1
other0,3HbnCYCbgPSbctVdCw416HiU2EHhd4iaK4,8195347,1,1
other0,3QVjX84rjebfFd5id9u9tzWXQtjZYM9J12,1636600,1,1
other0,34uT1g35R2Q5A4TghEgH6r4zeaRoBkZ41k,531949,1,1
other0,other1,466217,2,1
other0,121scWrGevy2N524ASXgYyGCkngmh17aNs,11525872423,1,1
other0,1P89AriWyJpj6RnTxAx5otQ9na1hX4kxby,7888468820,1,1
other0,1KSWiWYfCaqD2rSYYZVt9sps88E5KYVNoX,7624787139,1,1
other0,other1,9064552027,45,1
other0,31n7Q4JQLL8xHmsna2yy1AS3JPe3KKpkTd,650000000,8,1
other0,3QTUxAKmHqLAkvAjSvPxYoi5yUVRPQm2Cx,170000000,3,1
other0,bc1qq55gj39zm44vwdhtvdwyuk8ald83jve4lfp0k5,8775471,1,1
other0,other1,11713398,37,1
other0,3D8qAoMkZ8F1b42btt2Mn5TyN7sWfa434A,100000000000,1,1
other0,167ndmPwtKUgvK32yiqPXo1HKP8SLmkFQE,9999960000,1,1
other0,39g7EiNrSaTTJbb27VDnNE9tULirfTSy48,3999880000,1,1
other0,other1,1986625812,43,1
other0,3PJNpRwus8bPLkQ6A6EqFzcZ1XAiu1f8Ja,16730000,1,1
other0,19NfoFSGr47VpohZNmsevA7zHz1RGFcd58,12000000,1,1
other0,other1,6120114,3,1
1HFGiMJwrofzsXtR9sMzNRAyC6hYMCqSt,3D8qAoMkZ8F1b42btt2Mn5TyN7sWfa434A,200000000000,2,1
1HFGiMJwrofzsXtR9sMzNRAyC6hYMCqSt,1FiwYN7o7ynN34A8HeG6L2r9vV4UeS2Lvt,19999950000,1,1
1HFGiMJwrofzsXtR9sMzNRAyC6hYMCqSt,1G8pqgWXfxKmAcRUtX4RSo9b5LQwHQEqrk,11255179765,1,1
1HFGiMJwrofzsXtR9sMzNRAyC6hYMCqSt,other1,32903739820,45,1
other0,187RfxbNhyfQqFAxnBrGZhE26NkJGwPWPs,10492448027,1,1
other0,179KLpQM8Mse6MmG5gk6JTSokQohiGGrbh,8871950644,1,1
other0,3HPCSwtnZTgJLMpSA3afEFJobu3R99WhZb,3366000000,1,1
other0,other1,2536323736,46,1
other0,3HLs8RgCQ4UqXvACuoG4UHsZq6NpMPCsj9,1776427051,1,1
other0,3H44PR8AynET8VakXtRUYU4hekNNqpFQvu,20187025,1,1
other0,1AKNWEXJ6Wdx8Zki89nD5ywEKZ2cgyCzdH,160000,1,1
other0,3LtpFPpQhE4pc9MbaDsVqZNat2GeFUKCix,17000000000,1,1
other0,1BLo4QYNub1SSJ2K6VHr2vF6NwcxUmV7aM,11323947350,1,1
other0,1AKtoFwjvk3TxoEkAoCxkpDBCMjTUP6PeF,8608205993,1,1
other0,other1,28582258138,45,1
other0,3PS4sgxd6C3EpbjmLcE1oMFYhRWEB8TteR,875000,1,1
other0,3P8wddoGjUhjSEzRqixmexKh6K6pqNRfQA,9758860,1,1
other0,3LtpFPpQhE4pc9MbaDsVqZNat2GeFUKCix,9800000000,1,1
other0,12UAgcBwBcpjRkdowY4tRVwuX7GPLyaNqZ,8546657149,1,1
other0,1JE71dvfr3pnfVVNmPpoLMkaYhVGknvTXK,7725175569,1,1
other0,other1,6137649108,46,1
other0,32QsL7umcbodeXqq7H8xRzJvccxupVKW74,877326,1,1
other0,1GthWeTNGXbYjv4zQFtDtHzzKh7zccNpQk,12416661460,1,1
other0,17STYamwefhZJxMUE9wTiCwVUbjxDPRwNG,10417433423,1,1
other0,12rocnZfBCmuwPCdTWTVF5WwGmXQ6xjMeF,7582975166,1,1
other0,other1,20852322553,45,1
other0,14NmB61t8QRrDwKtzhZtnqN1o9kjTrMJiG,7609647427,1,1
other0,12oFuEgUGHUDWZ6ibrUJXDq4wgTZwPRczm,6944887908,1,1
other0,32V6a7K46pSb1XQNGdrmdE2wjgndVfJPet,1700000000,1,1
other0,other1,4019317187,45,1
other0,1GL5VFrRH5fJnU6HgdkwdBsBuczGMzDXBS,14257130,1,1
other0,other1,115322147,31,1
other0,39VQaYy8cofMsoefmvoXk8fZrj5PiUVZKH,2669953,1,1
other0,1GthWeTNGXbYjv4zQFtDtHzzKh7zccNpQk,12416661460,1,1
other0,14xx3HrjjKgzcABFEh6vDZFSNpkzPscwbQ,12183700809,1,1
other0,18d8qXXgpdhcfiWk26TgVKyvis1nvmQH6H,8142953951,1,1
other0,other1,12442589139,46,1
other0,3D8qAoMkZ8F1b42btt2Mn5TyN7sWfa434A,100000000000,1,1
other0,1DqGQv1QvJ7tA5QkSmriVDFeDFmYmwjsxu,20000000000,1,1
other0,1JReHC22pbfLEq4aXWrFKvjvT9CuaGLHq2,11363380667,1,1
other0,other1,23320157556,45,1
other0,16uNCZJLp8pHTEwrupbPy6ErdU83WhLJB2,129608,1,1
other0,3DGxAYYUA61WrrdbBac8Ra9eA9peAQwTJF,31538522534,11,1
other0,3LVgz53FiR5Ttyd1iLW4Ln4aDtwCp2t3W8,7717994330,4,1
other0,15UKQViLa2qsyya8F5JdMfynEMoDH7QFZE,4958220000,2,1
other0,other1,514353999,24,1
other0,34KsW5mwAxr7zYznfFZwbap8ru4jCyrAPu,5000000000,1,1
other0,13m6wpSmqV2fJHDhHmFwvNVjQVSGUf44mN,100300000,1,1
other0,other1,345050283,24,1
other0,35YZEfCKAtyR6x6TH7eTH7pJHLeK7cL7ar,19999960000,1,1
other0,1HhGruo7nrMgnwkqWsgt1VePC8rji3aC5,7958314800,1,1
other0,347ArWkSnTkbzTUkDQRh4SoNLF6h8WkvkY,7399950000,1,1
other0,other1,19924256855,45,1
other0,3BmGDjiDj2PUbwKYDwoQe35qXgkCz6Q4Wu,4425416143,1,1
other0,3JoVxjPaG6msimabG2m11zUwDaCirJroSd,1655912266,1,1
other0,3KzfzSSz1Y6wxFrfGvNwaA5Eu9Qj4meb2q,1554765280,1,1
other0,other1,5193194658,38,1
other0,1CYgg1VyzokhSkhcQqwinPgY2ZpdeMVb2W,11062371047,1,1
other0,14hvFDgBYQAFWXkHvGRSnLyMjPTh1uN3oh,9734539828,1,1
other0,1FHF1nP9KWk2srs2Z4B8HbiccWWv3EVPgG,8117958892,1,1
other0,other1,16959234401,46,1
other0,1FFRDXchgVHLvJGT9Mhy5KitjecqWQv351,10036855,1,1
other0,35zaNUQRJgrbjgpYif7kUjyCHdskuwbUTz,7442202,2,1
other0,1Mqzwv9nEmBcLCKyxjenNP6VtfAQGJ6BAy,5486547,1,1
other0,other1,6396797,2,1
other0,3D8qAoMkZ8F1b42btt2Mn5TyN7sWfa434A,300000000000,3,1
other0,156EXLwjSo67SJuMCYr3pkWDhmpDS3JajX,10498301141,1,1
other0,3BhRotwYu2qxeJe7MGtyriRwxyABrAMxEr,10000000000,1,1
other0,other1,15308185667,44,1
other0,3Bu4vCQEyxcvW9ELAVY7Tvqd7KWejjzPx7,2227500,1,1
other0,3Bu4vCQEyxcvW9ELAVY7Tvqd7KWejjzPx7,2227500,1,1
other0,1N3rqo4tPDEsyZyJaU7i5k6UgX3d7Ss3Y1,957500,1,1
other0,3Mddsc675rQZrsh4ty3ZxH1cfCqP9GYCFp,2202500,1,1
other0,361irS6Ny2HrZoeLZmkY85c9uy5RXuCswG,777500,1,1
other0,361irS6Ny2HrZoeLZmkY85c9uy5RXuCswG,777500,1,1
other0,37fwAuJfEfexfU3GihJqxmVXEXWVD4qZWj,795000,1,1
other0,37fwAuJfEfexfU3GihJqxmVXEXWVD4qZWj,795000,1,1
other0,37fwAuJfEfexfU3GihJqxmVXEXWVD4qZWj,795000,1,1
other0,37fwAuJfEfexfU3GihJqxmVXEXWVD4qZWj,795000,1,1
other0,1JiMQoxCZX2GkJdwU85NPMRjgAYYpUSK3m,29500000,1,1
other0,33sWEzZKw4Ar46hT4h4rnx1zbhFeTqh71i,4536352,1,1
other0,other1,4192583,2,1
other0,3PQX9N982VmGckVaWx4HE2ypwo8D6BoX86,2072500,1,1
1NRKaTrA4T87xviK9qdmx5giFRtiF7AXdB,1DaENwuZb1GeZGX572nS8aHf1H3YZ3z1S7,22881760,1,1
1NRKaTrA4T87xviK9qdmx5giFRtiF7AXdB,13m46UfzK2ArH8eHNbigajZ6dwHwqUz8so,5900000,1,1
1NRKaTrA4T87xviK9qdmx5giFRtiF7AXdB,other1,1125679,2,1
other0,3PnP8hZA7xHvos4wamhJTggykjLdf8kbaD,500000,1,1
other0,3PnP8hZA7xHvos4wamhJTggykjLdf8kbaD,500000,1,1
other0,3PGQi5p1Efoa7SoWx8uXjCVhuaAF3waTvc,134917133,1,1
other0,35iXXLANnBGgkgR7pYVQtKuao4ysUXzptu,105370422,1,1
other0,3BMEXKewXEvv7izGYLpLv5wvAQw6g9RTTZ,19950000,1,1
other0,36s8iNotxEB1HFukUPDrVkpygSjN3yTmpM,133739,1,1
other0,36s8iNotxEB1HFukUPDrVkpygSjN3yTmpM,133739,1,1
other0,3LCGsSmfr24demGvriN4e3ft8wEcDuHFqh,4311944717,1,1
other0,3DPXfc9mLKcM3NHvLEJdkD5TVNVKQ7zzGf,172201,1,1
other0,3QPDNaj3PPTMDtdanCRpbcSM7SrRNUKus1,2249477393,8,1
other0,1Cwj85tES1fDhVU6o7mYxQMKbqhnmD5uzP,18741200,1,1
other0,16ZBLHqbmZM1mRsAwziz3s965gYeGdUZxz,12167476,1,1
other0,other1,63804792,36,1
other0,3CyzPrAbPMeLtKxkjksFNufZXzDDnT5HPj,424597,1,1
other0,bc1qng72v5ceptk07htel0wcv6k27fkg6tmmd8887jr2l2yz5a5lnawqqeceya,88728477,1,1
other0,14qWSYH9rgpQkaUUBQW72jCz9LLRpFV8E7,36900000,1,1
other0,other1,44773757,21,1
other0,3FmND1KMC4oxeHTenHLDFEFVgYDCvya4dh,1452500,1,1
other0,1Lets1xxxx1use1xxxxxxxxxxxy2EaMkJ,547,1,1
other0,3FmND1KMC4oxeHTenHLDFEFVgYDCvya4dh,1452500,1,1
other0,1A3xti3JcNfvqQptfJAo7hAvowkKm2m1zi,1682413,1,1
other0,3JWVZ1c1RatVXpa7C61VrrTQsrSNTzBp9p,189733,1,1
other0,3ETnUE5uAUhtHiwCTWWetdNs6N5Mc19k7G,21430,1,1
other0,3QZqDtoiZtk9Qq5Kx5Z5cQD37zGFvsxUfC,86789177,1,1
other0,other1,21515292,8,1
other0,3K8p9QzDKV4T7fz3G5mYm6NaGxE3tp6ePY,2195000,1,1
1Gercs6ceUPXsKzpJDjcdVb62rVminMnFo,bc1qsw55gkezdyssgy6jg5fuxd6upmrc5r59llefly,31032228104,17,1
1Gercs6ceUPXsKzpJDjcdVb62rVminMnFo,3LCGsSmfr24demGvriN4e3ft8wEcDuHFqh,17357381218,8,1
1Gercs6ceUPXsKzpJDjcdVb62rVminMnFo,3CtDxzFxJVRnxNVAA9izd9Yx58sCg8vixA,3574456846,1,1
1Gercs6ceUPXsKzpJDjcdVb62rVminMnFo,other1,108430189,17,1
other0,3QXH6MrhZcd5wot38ZqMXfBUdn3fs1BXzK,1622500,1,1
other0,3QXH6MrhZcd5wot38ZqMXfBUdn3fs1BXzK,1622500,1,1
other0,3QXH6MrhZcd5wot38ZqMXfBUdn3fs1BXzK,1622500,1,1
other0,bc1q539mrswtmgvuec65jcydl8gcn066w40l8sn4pc,240098,1,1
other0,3KRQn9D81kJUtUx61TPVGxpLPX1ucMRNWy,994574,1,1
other0,3E6kn4JXPXQHqiEpu2WcTJPwhnpTAty6xB,368445,1,1
other0,13JHsTGZSnYNgDEvaVmHD1bu9ZGpAxNjmK,26505090,1,1
other0,16ZBLHqbmZM1mRsAwziz3s965gYeGdUZxz,12167476,1,1
other0,other1,21403026,6,1
other0,3EMvowqFp9Fm3MzEhrfEyAakJCXqMJgRFT,144835,1,1
other0,38DtAhdqct4A18PYQZsW7Qw68nNmSpLWJS,16823378470,1,1
other0,39H1bAjRinsavmKURJaXkhJk3ngovhTfv5,450000000,2,1
other0,37dhuNe5Yj1m3N3yiwvJ2vprfwNCu6N8Sb,38590640,1,1
other0,other1,12572724,11,1
other0,39BowhjQVRvivNeds5hv1YtUcJHXMr7bNQ,1120671,1,1
other0,34cLfRexmfhdfdabeHxJF9VcJMYikSpZ2b,1265037311,15,1
other0,15LeGqJMnZCTzLt82qZrvgv6TnQfrWoXqb,800000000,1,1
other0,1F4oiPEsNFcURcozfiUP6TEiTKhYbyrCAU,46400000,1,1
other0,other1,206231769,26,1
1M9bgxpDBhVqcMg9Nu6HjEw4LxG47smsui,12BPX2GdryvKThCkUAkjmtrL4uB4C7Ddtm,100900000,1,1
1M9bgxpDBhVqcMg9Nu6HjEw4LxG47smsui,1FgC45cJpD3fDcFVDJ9YpmMLX3vZ4MkhNN,49400000,1,1
1M9bgxpDBhVqcMg9Nu6HjEw4LxG47smsui,other1,70554968,33,1
other0,3Px6gbzoXhDa3EzwnZZCuGE9xd2R5GfUup,1860000,1,1
other0,3ALDM8r96vTeCmcW2Nj22wdLXLkLtnXX7e,2025000,1,1
1MAnqdLcojFjckLGahRsrqx5naPKph1EM4,1LNuW1J589Zioqaw8Jt1MY6jk5WADeqD2v,895423,1,1
1HYHtimhmf7rP2HpGLKm6h9yrkRpafQMmu,1CbkKBYGgeBSEtGyhKCdXuE5XgnKW51TNu,79840855,1,1
1HYHtimhmf7rP2HpGLKm6h9yrkRpafQMmu,14uDVLwSMHXcJbnq9AhpCLf2v2ZTEyGNXA,31150488,1,1
1HYHtimhmf7rP2HpGLKm6h9yrkRpafQMmu,1BrEDA8ewFipuR2v9YEycUGX7ZUEmYvzsh,20000000,1,1
1HYHtimhmf7rP2HpGLKm6h9yrkRpafQMmu,other1,11080486,4,1
1FoC692njcyrKXeM5Po8a6rgzCXT6Ragcp,155osGHxxQ8r3qh5oS4Dox7RXnYgSC8cNz,63000,1,1
1DwpbWG1Bs7ps1D8WyWyG4tgeir4ACTv3H,3DwDtwwbw8rFpePDwzuVYvxzznGfafk4ZC,977712,1,1
1DwpbWG1Bs7ps1D8WyWyG4tgeir4ACTv3H,3Ea45BaBPmHkgeNT9ernVHGozaAfLpQyce,944881,1,1
1DwpbWG1Bs7ps1D8WyWyG4tgeir4ACTv3H,other1,110997,2,1
other0,other1,3812351,7,1
bc1qx65xcxz6dfsge2g4eaerercslh83y66wrpm79r,15AjDVbbUA1CzhV8yz7Av7vNn42i4X7EXw,30939133,1,1
bc1qx65xcxz6dfsge2g4eaerercslh83y66wrpm79r,15TnCqQF2pVrFz2vsvjUj233K5rZDeTLHs,13962183,1,1
bc1qx65xcxz6dfsge2g4eaerercslh83y66wrpm79r,17mk3rh4tsJ76TeXWrCZGSLjmoUAwNxHre,12963360,1,1
bc1qx65xcxz6dfsge2g4eaerercslh83y66wrpm79r,other1,48541411,22,1
other0,3PGco2AJ9ahZ15rgHZeWqoDS3VU8S9K2V1,2100000000,1,1
other0,1H2iC9FGdm9Jda3SJjhvNxoWWRGS6PFVCx,2024564014,1,1
other0,other1,216741481,14,1
other0,3KMKwABsf28Hcy3XKEcgwRAj9wuVcmZ97i,1912500,1,1
other0,3LyrtA1Ko1bJRRAR3uSSeKkcDskgbDdkah,1745383586,2,1
other0,36NCcTxhoTNRb2u2BC393hcXG67qKSj5QX,1867500,1,1
other0,39mKJfQUSdEFD7WtgutQtntMWTYVBiKHnU,54096503209,11,1
other0,3EiEN1JJCudBgAwL7c6ajqnPzx9LrK1VT6,8368960914,3,1
other0,1FCaVKbG5o41nTo2K6HPrmmUuRrqK3XpWz,1881753,1,1
other0,3DD3X6Z8mxDP9qYf4e2NQsuSDVCMPCMh9j,200000000,1,1
other0,1Pv1eyDRCmac6TEFKVZiWTErhi1Djv5wKu,22681531,1,1
other0,13uoNNYRVD6DmJQCniaV2x5GebRHZqqTC6,6049283,1,1
other0,bc1q0qfzuge7vr5s2xkczrjkccmxemlyyn8mhx298v,220037139,2,1
other0,18nJjcXJkDYJGFFtCy5vpySU8JkCsW4EJ,27142790,1,1
other0,1BzNwuRuPfh2LE14WMuKp7eBBpPppryZzX,10815598,1,1
other0,other1,10276549,7,1
other0,18K4KW4FsbmQzHkMwLa7PBNZtQUg7gc7H4,11961553945,1,1
other0,18Q2SRDCGCZVxyTF9zk3eG1UHdTnKF8wFc,8997894070,1,1
other0,1P89AriWyJpj6RnTxAx5otQ9na1hX4kxby,7888468820,1,1
other0,other1,27214795954,14,1
other0,32xo2MLwUCBwkNjw1Nu5FKphYwGJHWVmGZ,943571,1,1
other0,13TxfgB4uKPtrMAGDHbvAGfETnEvUpUv3D,891864,1,1
other0,1GnCNQTKse2VejX83AjmqfDiLRNJ54FZsw,70384,1,1
other0,13TxfgB4uKPtrMAGDHbvAGfETnEvUpUv3D,5818018,1,1
154rZ9Dcwfk5RvX3eR56ysKDV5tcGUNAgJ,13TxfgB4uKPtrMAGDHbvAGfETnEvUpUv3D,209998644,1,1
1KxnMndHSFNA6UMsHZcryVFuu5VbtvkhxM,13TxfgB4uKPtrMAGDHbvAGfETnEvUpUv3D,99974688,1,1
1GA2jDLqFA3k3DUN6nrmQ6QXwfEXMrWxVq,13TxfgB4uKPtrMAGDHbvAGfETnEvUpUv3D,98957964,1,1
other0,14TDxS9NQhiu1tX4qeFwRkisXn1oDmTuKB,1646252269,4,1
other0,386kqMhr42vFEkXQraRty8xUhCfsDd6C4y,231253886,1,1
other0,1CBfeTwnqdibZcmGvJatZmxtS2rvbG8wXR,54290000,1,1
other0,other1,3458283,2,1
other0,13TxfgB4uKPtrMAGDHbvAGfETnEvUpUv3D,10098192,1,1
other0,39mKJfQUSdEFD7WtgutQtntMWTYVBiKHnU,55966688876,15,1
other0,3EiEN1JJCudBgAwL7c6ajqnPzx9LrK1VT6,25589837678,6,1
other0,14bnmegyZ9gcQkbsYjhV7PKLjoJi3aXpPz,500000000,1,1
other0,other1,627315558,22,1
other0,13TxfgB4uKPtrMAGDHbvAGfETnEvUpUv3D,38972880,1,1
other0,13TxfgB4uKPtrMAGDHbvAGfETnEvUpUv3D,10872880,1,1
other0,13TxfgB4uKPtrMAGDHbvAGfETnEvUpUv3D,10592542,1,1
other0,13TxfgB4uKPtrMAGDHbvAGfETnEvUpUv3D,10953896,1,1
other0,1P9YcgoA2zvob3Ky7as2TsXFzrrQpXZ1Dc,15965204,1,1
other0,338sasKqWWpDnQzkp9rHak4xAaur2ZT5tK,15200000,1,1
other0,373xzXCXmGJSdojChTVAHHKT6m5eCHdzUD,5800000,1,1
other0,other1,5781853,2,1
other0,3BMEXhLw6S8MK1NKnakawBisgMguvN1SE6,245879938,1,1
other0,3BMEXfe1h5xb5ci3zPPMnTynvtM73DFaJ4,216304384,2,1
other0,3BMEXodFa9oECTpUE7yBt9jV18ETkbttSS,163518418,1,1
other0,other1,520687251,11,1
other0,15ZWcFGFog7txJYmZvwUDHVLp1UeEPEeyS,579254347,1,1
other0,161YKw4CJnqw5HjDeDWdL3aG3tMoZWe6Rs,1102400000,1,1
other0,3BMEXuWTsW8VRYYzesjN79KciPCm6kmgC6,200000000,1,1
other0,1BqbfJ8nG4ryCWCckfP3t2TtYTtpyidDa9,186601528,1,1
other0,other1,325259785,36,1
other0,35HvVgduCkWoMRQZaK1FD2iLUoXBWhMo6C,233730000,1,1
other0,1Hi3LuyTFScCp4ByHNVse83LYh3tYUEJHs,200000000,2,1
other0,1Ga7Ebxs6GyX5iy8KdMW4oN6dxZT4dVpuB,111000000,1,1
other0,other1,141589885,33,1
other0,bc1q6mumhjgpsz3ejenc7q5c6quvdqsf2uuf9c3avu,3189790000,1,1
other0,19NokitZwvnz1BpwKwoFnoDK75wYMjoniF,1560000000,1,1
other0,1JSyx92AjEEBC3muP5W6C2gvxrkCJyLfvj,226609369,1,1
other0,other1,420929075,50,1
3BMnmKwFPEGti15DHxpHdz1tfBgCLtzqLN,3CFv7wV6n1djYymvW9NdnUxYM9xxpWVJsm,5213000,1,1
1EaYRTcN5DZieZU1D3zLjpBDkHP7PaCKQU,1JoQRLD3bP6CbsurLTMniHMUCqmz9idKr,200600000,1,1
1EaYRTcN5DZieZU1D3zLjpBDkHP7PaCKQU,16TLBCDpXAiMpno85NvrpU1jimmQaovqh7,133683000,1,1
1EaYRTcN5DZieZU1D3zLjpBDkHP7PaCKQU,1Ny82rwea7WpZUR1in1qmzYExGa5NF9PpC,11730600,1,1
1EaYRTcN5DZieZU1D3zLjpBDkHP7PaCKQU,other1,2487000,2,1
other0,1NyAhFDM73xyDSPj2hVuySjmrvvFndoerp,2770000,1,1
other0,bc1q7x3pssg5qy9a5n2lplm4xq3z2fa3nywgehf95t,1116173967,1,1
other0,15LBM8Tv3EvKYQx4uGa1JopJj4nMyarnMr,440000000,2,1
other0,179TCvcfrRrzvmxV1BekZ8gHhqtVo8XT3w,36508539,1,1
other0,1B7CuDsnHsXzPpyrT7y3UTMsSxAtKpUSQL,15995748,1,1
other0,other1,15875583,2,1
other0,17fspyAndejyNSvFb1FARSrXPRmAqj7RRo,162600,1,1
other0,bc1q7trhc97w7jfm6vys3k86c80ykz7md8dlmwq7zp,2400000000,1,1
other0,bc1qncwevy4wl70p2yaqadz3w4z8f8qw0uttwfj0ve,3600000000,1,1
other0,3E3TYfcatPWKMSo65TTA8wPgDNND7jE71S,16436000,1,1
other0,bc1q66kk34wa26nkgtwrjk89jr6h7xnm5fykw9k9ls,2300000000,1,1
other0,1LvsD5x3xFYMEtscLqQXzMnKfAWTSzi7gq,358000,1,1
other0,1KfApgBUe2KoN43yecDVMgcYnP1TESbdaw,4370000,1,1
other0,1LtVxuYcpxx4X8aFA8RBcyYtFSxJtnPxQh,12043800,1,1
1DognYdT6aaHWtBdzLMQnv4T6pnwWyFg65,13xF6qvasDrmdwdAoT1jxFxjJp2ZrPQthn,118402200,1,1
other0,15jX97bEr817VvesMW7ciV7wFqbyjAk1SL,150000,1,1
other0,3FPaS42idvT3LX9XAVmmNW9nkemWHBxgRe,8500000000,1,1
other0,19FHc8JtX86QTceTHkEF4Q9VVerugQzi3x,7693400,1,1
other0,1BYGgish2L58iV4tXkTcFPsz5ujT8TvDMM,2909420,1,1
other0,3KKU4Um5NPPv5u5gtPXWZfCEsD1zJsd9Dn,2000000000,1,1
other0,18bSSGCug4pi1zYagk3Brx4TDpbTF7g7rA,996416,1,1
other0,3JdzcGyvhxiEoikHqwk2mMgoKiq6u6U743,720900,1,1
3Jh8cmjBoEumVhQGVQtT5hcPgPpCDio54b,1H3aGrt8vbDto6pRbkS6F47BvtzE5onVsf,3609900,1,1
1NDyJtNTjmwk5xPNhjgAMu4HDHigtobu1s,36tRk7H5xHDhXUkCyRC8fL56fat3bWLJYe,9903409,1,1
1NDyJtNTjmwk5xPNhjgAMu4HDHigtobu1s,3BKS1Emiq2ZEiBPDVpwCafyboSjkKYgrcd,9899795,1,1
1NDyJtNTjmwk5xPNhjgAMu4HDHigtobu1s,3LmXYGztQkFnzLkLABumv11TZU8w291Ngn,9882388,1,1
1NDyJtNTjmwk5xPNhjgAMu4HDHigtobu1s,other1,68534702,35,1
other0,3KzzjPMFGyxoyC1vEUvAn1c2Nx1Uzma3S1,850889,1,1
other0,35HmAqQgjCSjHSKpy6WYC5TNijiEfsEm9A,868515,1,1
other0,3HWUZ3XWuASFLvBwotV6VFSCwAN6epqWv7,987339345,1,1
other0,3PqkkMj3kwippof2P6XXADnzStzAy874B2,1105515,1,1
other0,3B6C8KiPDqoGiSr3YV5tbS9BKeVbJqjBHS,215966774,1,1
other0,bc1qufvu5zt0h6k6s4cdt0jgcjekwakrzxff7svmqj,50400423,1,1
other0,bc1qz5htw2cnvhwelthy0t0sdwqw82z5vn3hdqrh25,23724344,1,1
other0,other1,31239900,24,1
other0,3H4U8QEievjJgJcdBHF11kxwAzHkFvCLhP,1132436,1,1
other0,3EkDLNwENRDYzXHxb2DyuvZgcwx2GJpGNk,2753515,1,1
39AD68z9muiFUiZdq3VmnaomQW1kSeUt2n,37uvH6QaCWHzmqSuogNZA6cnVuRZvQJ41j,1868453652,1,1
other0,1MkqQoJNoTTJKabACYdP72Ybj3N5xktgBY,240902163,1,1
other0,368LjA3aNvV49y3rEnU6egVfqQVvLDYREH,81476124,1,1
other0,1KtFtTCP5AmD1J8haewj1J4r4p6W6PaGPJ,39900000,1,1
other0,other1,39354143,7,1
1FDmcqGrpADRfzTzdWpsaQZDYqHP4vvayU,13BRTdre5kpEAaWeWqkDK3MVFXu5vFHEFu,36259195,1,1
3GiUgJPhxZBeNNa92dBQcZrLahciREEq9H,3EZceZpzsHnwBng4nutpC5RfxeW9xQRhgR,500000,1,1
bc1qfmlxeemyk8a9stz5z4plpqgj4255hcx9jsqvyj,1HY7eosW4bEhaupvrLRHqgJzPyhabAE7aL,748424643,1,1
bc1qfmlxeemyk8a9stz5z4plpqgj4255hcx9jsqvyj,1Mm8Qnw8sb5wHnjyk6qfpobfPNMaKQ4HzS,121542686,1,1
bc1qfmlxeemyk8a9stz5z4plpqgj4255hcx9jsqvyj,15EJdemykttAYLGkMKNTQvMucR2NDQaL1x,117995289,1,1
bc1qfmlxeemyk8a9stz5z4plpqgj4255hcx9jsqvyj,other1,114645880,7,1
1NDyJtNTjmwk5xPNhjgAMu4HDHigtobu1s,36tRk7H5xHDhXUkCyRC8fL56fat3bWLJYe,9903409,1,1
1NDyJtNTjmwk5xPNhjgAMu4HDHigtobu1s,3BKS1Emiq2ZEiBPDVpwCafyboSjkKYgrcd,9899795,1,1
1NDyJtNTjmwk5xPNhjgAMu4HDHigtobu1s,3LmXYGztQkFnzLkLABumv11TZU8w291Ngn,9882388,1,1
1NDyJtNTjmwk5xPNhjgAMu4HDHigtobu1s,other1,68534702,35,1
3LW1sakL8ihE2nApkncTUYpLBi3cm8uxaS,3Pjkw1CtWeZcNAs5x7HrSJnA2QnYDTB2f3,747818438,1,1
3LW1sakL8ihE2nApkncTUYpLBi3cm8uxaS,3J42oyCfAmAgECqTHrcqpdMVc9vNHrYPB5,499760088,1,1
3LW1sakL8ihE2nApkncTUYpLBi3cm8uxaS,3JrakmfBrteQMTLcvUsXvZj7jjP7b59yRM,499662424,1,1
3LW1sakL8ihE2nApkncTUYpLBi3cm8uxaS,other1,1565930675,22,1
other0,bc1qn4l6jzysqg5ghkdm48wrl7x6duqd0ph7qk7mga0dyu4fltgehx3sd9f4e4,55949613,1,1
other0,bc1qcj5ervj45a4q5h274m5qjl79tgramqks70kt44wkplpw9sqa7elqcm4fta,34979988,1,1
3E8BTrBB7jxAemyUqSnN4YFLMC22cShZJZ,3BRRt7ETVi7DNccTHkEkFbYnoFMC3hJ3yg,499694163,1,1
3E8BTrBB7jxAemyUqSnN4YFLMC22cShZJZ,3HKvzwNw5F6zTN7LprdUTwR3WiTwZPBpQw,499694161,1,1
3E8BTrBB7jxAemyUqSnN4YFLMC22cShZJZ,3Map5KkEF48z3bmroQ1A5X18kZcZiTziz3,499451206,1,1
3E8BTrBB7jxAemyUqSnN4YFLMC22cShZJZ,other1,2239777620,14,1
other0,3JRV8x2AkqYF9iZ3zVDyPrbSv9fpViodZm,50000000000,1,1
other0,13kQMjfCCJvtwhSvjGTGMkqh298i5QL1ft,3260630,1,1
other0,3GMABb9nXus8PytrocmtKz9ByQXbkfN3kh,1806133,1,1
other0,1GQx6SQ9CDLNWR4mN811DtB4mZgLXRoVqi,57000,1,1
34C6zsZn9YpJvN3MfS6bB79xDt3Cq9nAn9,35iiX7vDdELrC5jG2Mvv86o7Sb4A32VnFH,20126184,1,1
other0,3KHEyvzGGgHDyaUyVJVWwcFvqJT87s1ME8,1639878802,1,1
other0,3GEtxN4XSXYdoASXSQA6Kt2sxzcoB9K4tN,1469658854,1,1
other0,other1,2138626743,29,1
other0,1C7UkcWdnYF95SxBEUrjB1RCi8wvocYXZY,22139174,1,1
other0,1KKqBaZSdtKoMzgP76z9GYfJCaodnd2K8b,11009310236,1,1
